extension,qname
afghanistanmember,country:AF
alabamamember,stpr:AL
alaskamember,stpr:AK
albaniamember,country:AL
algeriamember,country:DZ
americansamoamember,country:AS
andorramember,country:AD
angolamember,country:AO
anguillamember,country:AI
antarcticamember,country:AQ
antiguaandbarbudamember,country:AG
argentinamember,country:AR
arizonamember,stpr:AZ
arkansasmember,stpr:AR
armeniamember,country:AM
arubamember,country:AW
australiamember,country:AU
austriamember,country:AT
azerbaijanmember,country:AZ
bahamasmember,country:BS
bahrainmember,country:BH
bangladeshmember,country:BD
barbadosmember,country:BB
belarusmember,country:BY
belgiummember,country:BE
belizemember,country:BZ
beninmember,country:BJ
bermudamember,country:BM
bhutanmember,country:BT
boliviamember,country:BO
bosniaandherzegowinamember,country:BA
botswanamember,country:BW
bouvetislandmember,country:BV
brazilmember,country:BR
britishvirginislandsmember,country:VG
bruneidarussalammember,country:BN
bulgariamember,country:BG
burkinafasomember,country:BF
burundimember,country:BI
californiamember,stpr:CA
cambodiamember,country:KH
cameroonmember,country:CM
canadamember,country:CA
canadianmember,country:CA
capeverdemember,country:CV
caymanislandsmember,country:KY
centralafricanrepublicmember,country:CF
chadmember,country:TD
chilemember,country:CL
chinamember,country:CN
christmasislandmember,country:CX
cocosislandsmember,country:CC
colombiamember,country:CO
coloradomember,stpr:CO
comorosmember,country:KM
congomember,country:CD
congorepublicofmember,country:CG
connecticutmember,stpr:CT
cookislandsmember,country:CK
costaricamember,country:CR
cotedivoiremember,country:CI
croatiamember,country:HR
cubamember,country:CU
cyprusmember,country:CY
czechrepublicmember,country:CZ
delawaremember,stpr:DE
denmarkmember,country:DK
districtofcolumbiamember,stpr:DC
djiboutimember,country:DJ
dominicamember,country:DM
dominicanrepublicmember,country:DO
ecuadormember,country:EC
egyptmember,country:EG
elsalvadormember,country:SV
equatorialguineamember,country:GQ
eritreamember,country:ER
estoniamember,country:EE
ethiopiamember,country:ET
falklandislandsmember,country:FK
faroeislandsmember,country:FO
fijimember,country:FJ
finlandmember,country:FI
floridamember,stpr:FL
francemember,country:FR
frenchguianamember,country:GF
frenchpolynesiamember,country:PF
gabonmember,country:GA
gambiamember,country:GM
georgiamember,stpr:GA
georgiamember,country:GE
germanymember,country:DE
ghanamember,country:GH
gibraltarmember,country:GI
greecemember,country:GR
greenlandmember,country:GL
grenadamember,country:GD
guadeloupemember,country:GP
guammember,country:GU
guatemalamember,country:GT
guineamember,country:GN
guyanamember,country:GY
haitimember,country:HT
hawaiimember,stpr:HI
heardandmcdonaldislandsmember,country:HM
hondurasmember,country:HN
hongkongmember,country:HK
hungarymember,country:HU
icelandmember,country:IS
idahomember,stpr:ID
illinoismember,stpr:IL
indiamember,country:IN
indianamember,stpr:IN
indonesiamember,country:ID
iowamember,stpr:IA
iranmember,country:IR
iraqmember,country:IQ
irelandmember,country:IE
israelmember,country:IL
italymember,country:IT
jamaicamember,country:JM
japanmember,country:JP
jordanmember,country:JO
kansasmember,stpr:KS
kazakhstanmember,country:KZ
kentuckymember,stpr:KY
kenyamember,country:KE
kiribatimember,country:KI
koreamember,country:KP
kuwaitmember,country:KW
kyrgyzstanmember,country:KG
laomember,country:LA
latviamember,country:LV
lebanonmember,country:LB
lesothomember,country:LS
liberiamember,country:LR
libyanarabjamahiriyamember,country:LY
liechtensteinmember,country:LI
lithuaniamember,country:LT
louisianamember,stpr:LA
luxembourgmember,country:LU
macaumember,country:MO
macedoniamember,country:MK
madagascarmember,country:MG
mainemember,stpr:ME
malawimember,country:MW
malaysiamember,country:MY
maldivesmember,country:MV
malimember,country:ML
maltamember,country:MT
marshallislandsmember,country:MH
martiniquemember,country:MQ
marylandmember,stpr:MD
massachusettsmember,stpr:MA
mauritaniamember,country:MR
mauritiusmember,country:MU
mayottemember,country:YT
mexicomember,country:MX
michiganmember,stpr:MI
micronesiamember,country:FM
minnesotamember,stpr:MN
mississippimember,stpr:MS
missourimember,stpr:MO
moldovamember,country:MD
monacomember,country:MC
mongoliamember,country:MN
montanamember,stpr:MT
montserratmember,country:MS
moroccomember,country:MA
mozambiquemember,country:MZ
myanmarmember,country:MM
namibiamember,country:NA
naurumember,country:NR
nebraskamember,stpr:NE
nepalmember,country:NP
netherlandsmember,country:NL
nevadamember,stpr:NV
newcaledoniamember,country:NC
newhampshiremember,stpr:NH
newjerseymember,stpr:NJ
newmexicomember,stpr:NM
newyorkmember,stpr:NY
newzealandmember,country:NZ
nicaraguamember,country:NI
nigeriamember,country:NG
nigermember,country:NE
niuemember,country:NU
norfolkislandmember,country:NF
northcarolinamember,stpr:NC
northdakotamember,stpr:ND
northernmarianaislandsmember,country:MP
norwaymember,country:NO
ohiomember,stpr:OH
oklahomamember,stpr:OK
omanmember,country:OM
oregonmember,stpr:OR
pakistanmember,country:PK
palaumember,country:PW
panamamember,country:PA
papuanewguineamember,country:PG
paraguaymember,country:PY
pennsylvaniamember,stpr:PA
perumember,country:PE
philippinesmember,country:PH
pitcairnmember,country:PN
polandmember,country:PL
portugalmember,country:PT
puertoricomember,country:PR
qatarmember,country:QA
reunionmember,country:RE
rhodeislandmember,stpr:RI
romaniamember,country:RO
russiamember,country:RU
russianfederationmember,country:RU
rwandamember,country:RW
sainthelenamember,country:SH
saintkittsandnevismember,country:KN
saintluciamember,country:LC
saintpierreandmiquelonmember,country:PM
saintvincentandthegrenadinesmember,country:VC
samoamember,country:WS
sanmarinomember,country:SM
saotomeandprincipemember,country:ST
saudiarabiamember,country:SA
senegalmember,country:SN
serbiaandmontenegromember,country:RS
seychellesmember,country:SC
sierraleonemember,country:SL
singaporemember,country:SG
slovakiamember,country:SK
sloveniamember,country:SI
solomonislandsmember,country:SB
somaliamember,country:SO
southafricamember,country:ZA
southcarolinamember,stpr:SC
southdakotamember,stpr:SD
southgeorgiaandthesouthsandwichislandsmember,country:GS
southkoreamember,country:KR
spainmember,country:ES
srilankamember,country:LK
sudanmember,country:SD
surinamemember,country:SR
svalbardandjanmayenislandsmember,country:SJ
swazilandmember,country:SZ
swedenmember,country:SE
switzerlandmember,country:CH
syrianarabrepublicmember,country:SY
taiwanmember,country:TW
tajikistanmember,country:TJ
tanzaniamember,country:TZ
tennesseemember,stpr:TN
texasmember,stpr:TX
thailandmember,country:TH
togomember,country:TG
tokelaumember,country:TK
tongamember,country:TO
trinidadandtobagomember,country:TT
tunisiamember,country:TN
turkeymember,country:TR
turkmenistanmember,country:TM
turksandcaicosislandsmember,country:TC
tuvalumember,country:TV
ugandamember,country:UG
ukrainemember,country:UA
unitedarabemiratesmember,country:AE
unitedkingdommember,country:GB
unitedstatescountrymember,country:US
unitedstatesgeographicmember,country:US
unitedstatesgeographicregionmember,country:US
unitedstatesmember,country:US
unitedstatesofamericamember,country:US
uruguaymember,country:UY
usamember,country:US
usmember,country:US
utahmember,stpr:UT
uzbekistanmember,country:UZ
vanuatumember,country:VU
venezuelamember,country:VE
vermontmember,stpr:VT
vietnammember,country:VN
virginiamember,stpr:VA
wallisandfutunaislandsmember,country:WF
washingtonmember,stpr:WA
westernsaharamember,country:EH
westvirginiamember,stpr:WV
wisconsinmember,stpr:WI
wyomingmember,stpr:WY
yemenmember,country:YE
zambiamember,country:ZM
zimbabwemember,country:ZW