1,1/1/16
2,1/1/16
14,1/1/16
15,1/1/16
16,1/1/16
17,1/1/16
19,1/1/16
21,1/1/16
22,1/1/16
23,1/1/16
24,1/1/16
34,1/1/17
39,1/1/16
40,1/1/16
41,1/1/16
42,1/1/16
45,1/1/16
46,1/1/16
47,1/1/16
48,1/1/16
49,1/1/16
51,1/1/17
52,1/1/17
53,1/1/17
54,1/1/17
56,1/1/17
57,1/1/17
58,1/1/17
59,1/1/17
61,3/28/17
62,1/1/17
63,1/1/17
64,1/1/17
65,1/1/17
66,1/1/17
69,1/1/17
70,1/1/17
71,1/1/17
72,1/1/17
73,1/1/17
74,1/1/17
75,3/28/17
76,3/28/17
77,1/1/19
78,1/1/19
79,1/1/19
80,1/1/19
200,1/1/16
201,1/1/16
202,1/1/16
203,1/1/16
204,1/1/16
205,1/1/16
206,1/1/16
207,1/1/16
208,1/1/16
209,1/1/16
210,1/1/16
211,1/1/16
212,1/1/16
213,1/1/16
214,1/1/16
215,1/1/16
216,1/1/16
217,1/1/16
218,1/1/16
219,1/1/16
220,1/1/16
221,1/1/16
222,1/1/16
223,1/1/16
224,1/1/16
225,1/1/16
226,1/1/16
227,1/1/16
228,1/1/16
229,1/1/16
230,1/1/16
231,1/1/16
232,1/1/16
233,1/1/16
234,1/1/16
235,1/1/16
236,1/1/16
237,1/1/16
238,1/1/16
239,1/1/16
240,1/1/16
241,1/1/16
242,1/1/16
243,1/1/16
244,1/1/16
245,1/1/16
246,1/1/16
247,1/1/16
249,1/1/16
250,1/1/16
251,1/1/16
252,1/1/16
253,1/1/16
254,1/1/16
255,1/1/16
256,1/1/16
257,1/1/16
258,1/1/16
259,1/1/16
260,1/1/16
261,1/1/16
262,1/1/16
263,1/1/16
265,1/1/16
266,1/1/16
267,1/1/16
268,1/1/16
269,1/1/16
270,1/1/16
271,1/1/16
272,1/1/16
273,1/1/16
274,1/1/16
275,1/1/16
276,1/1/16
277,1/1/16
278,1/1/16
279,1/1/16
280,1/1/16
281,1/1/16
282,1/1/16
283,1/1/16
284,1/1/16
285,1/1/16
286,1/1/16
287,1/1/16
288,1/1/16
289,1/1/16
290,1/1/16
291,1/1/16
292,1/1/16
293,1/1/16
294,1/1/16
295,1/1/16
296,1/1/16
297,1/1/16
298,1/1/16
299,1/1/16
300,1/1/16
301,1/1/16
302,1/1/16
303,1/1/16
304,1/1/16
305,1/1/16
306,1/1/16
307,1/1/16
308,1/1/16
309,1/1/16
310,1/1/16
311,1/1/16
312,1/1/16
313,1/1/16
314,1/1/16
315,1/1/16
316,1/1/16
317,1/1/16
318,1/1/16
319,1/1/16
320,1/1/16
321,1/1/16
322,1/1/16
323,1/1/16
324,1/1/16
325,1/1/16
326,1/1/16
327,1/1/16
328,1/1/16
329,1/1/16
330,1/1/16
331,1/1/16
332,1/1/16
333,1/1/16
334,1/1/16
335,1/1/16
336,1/1/16
337,1/1/16
338,1/1/16
339,1/1/16
340,1/1/16
341,1/1/16
342,1/1/16
343,1/1/16
344,1/1/16
345,1/1/16
346,1/1/16
347,1/1/16
348,1/1/16
349,1/1/16
350,1/1/16
351,1/1/16
352,1/1/16
353,1/1/16
354,1/1/16
355,1/1/16
356,1/1/16
357,1/1/16
358,1/1/16
359,1/1/16
360,1/1/16
361,1/1/16
362,1/1/16
363,1/1/16
364,1/1/16
365,1/1/16
366,1/1/16
367,1/1/16
368,1/1/16
369,1/1/16
370,1/1/16
371,1/1/16
372,1/1/16
373,1/1/16
374,1/1/16
375,1/1/16
376,1/1/16
377,1/1/16
378,1/1/16
379,1/1/16
380,1/1/16
381,1/1/16
382,1/1/16
383,1/1/16
384,1/1/16
385,1/1/16
386,1/1/16
387,1/1/16
388,1/1/16
389,1/1/16
390,1/1/16
391,1/1/16
392,1/1/16
393,1/1/16
394,1/1/16
395,1/1/16
396,1/1/16
397,1/1/16
398,1/1/16
399,1/1/16
400,1/1/16
401,1/1/16
402,1/1/16
403,1/1/16
404,1/1/16
405,1/1/16
406,1/1/16
407,1/1/16
408,1/1/16
409,1/1/16
410,1/1/16
411,1/1/16
412,1/1/16
413,1/1/16
414,1/1/16
415,1/1/16
416,1/1/16
417,1/1/16
418,1/1/16
419,1/1/16
420,1/1/16
421,1/1/16
422,1/1/16
423,1/1/16
424,1/1/16
426,1/1/16
427,1/1/16
428,1/1/16
429,1/1/16
430,1/1/16
431,1/1/16
432,1/1/16
433,1/1/16
434,1/1/16
435,1/1/16
436,1/1/16
437,1/1/16
438,1/1/16
439,1/1/16
440,1/1/16
441,1/1/16
442,1/1/16
443,1/1/16
444,1/1/16
445,1/1/16
446,1/1/16
447,1/1/16
448,1/1/16
449,1/1/16
450,1/1/16
451,1/1/16
452,1/1/16
453,1/1/16
454,1/1/16
455,1/1/16
456,1/1/16
457,1/1/16
458,1/1/16
459,1/1/16
460,1/1/16
461,1/1/16
462,1/1/16
463,1/1/16
464,1/1/16
465,1/1/16
466,1/1/16
467,1/1/16
468,1/1/16
469,1/1/16
470,1/1/16
471,1/1/16
472,1/1/16
473,1/1/16
474,1/1/16
475,1/1/16
476,1/1/16
477,1/1/16
478,1/1/16
479,1/1/16
480,1/1/16
481,1/1/16
482,1/1/16
483,1/1/16
484,1/1/16
485,1/1/16
486,1/1/16
487,1/1/16
488,1/1/16
489,1/1/16
490,1/1/16
491,1/1/16
492,1/1/16
493,1/1/16
494,1/1/16
495,1/1/16
496,1/1/16
497,1/1/16
498,1/1/16
499,1/1/16
500,1/1/16
501,1/1/16
502,1/1/16
503,1/1/16
504,1/1/16
505,1/1/16
506,1/1/16
507,1/1/16
508,1/1/16
509,1/1/16
510,1/1/16
511,1/1/16
512,1/1/16
513,1/1/16
514,1/1/16
515,1/1/16
516,1/1/16
517,1/1/16
518,1/1/16
519,1/1/16
520,1/1/16
521,1/1/16
522,1/1/16
523,1/1/16
524,1/1/16
525,1/1/16
526,1/1/16
527,1/1/16
528,1/1/16
529,1/1/16
530,1/1/16
531,1/1/16
532,1/1/16
533,1/1/16
534,1/1/16
535,1/1/16
536,1/1/16
537,1/1/16
538,1/1/16
539,1/1/16
540,1/1/16
541,1/1/16
542,1/1/16
543,1/1/16
544,1/1/16
545,1/1/16
546,1/1/16
547,1/1/16
548,1/1/16
549,1/1/16
550,1/1/16
551,1/1/16
552,1/1/16
553,1/1/16
554,1/1/16
555,1/1/16
556,1/1/16
557,1/1/16
558,1/1/16
559,1/1/16
560,1/1/16
561,1/1/16
562,1/1/16
563,1/1/16
564,1/1/16
565,1/1/16
566,1/1/16
567,1/1/16
568,1/1/16
569,1/1/16
570,1/1/16
571,1/1/16
572,1/1/16
573,1/1/16
574,1/1/16
575,1/1/16
576,1/1/16
577,1/1/16
578,1/1/16
579,1/1/16
580,1/1/16
581,1/1/16
582,1/1/16
583,1/1/16
584,1/1/16
585,1/1/16
586,1/1/16
587,1/1/16
588,1/1/16
589,1/1/16
590,1/1/16
591,1/1/16
592,1/1/16
593,1/1/16
594,1/1/16
595,1/1/16
596,1/1/16
597,1/1/16
598,1/1/16
599,1/1/16
600,1/1/16
601,1/1/16
602,1/1/16
603,1/1/16
604,1/1/16
605,1/1/16
606,1/1/16
607,1/1/16
608,1/1/16
609,1/1/16
610,1/1/16
611,1/1/16
612,1/1/16
613,1/1/16
614,1/1/16
615,1/1/16
616,1/1/16
617,1/1/16
619,1/1/16
621,1/1/16
622,1/1/16
623,1/1/16
624,1/1/16
625,1/1/16
626,1/1/16
628,1/1/16
629,1/1/16
630,1/1/16
631,1/1/16
632,1/1/16
633,1/1/16
634,1/1/16
635,1/1/16
636,1/1/16
637,1/1/16
638,1/1/16
639,1/1/16
640,1/1/16
641,1/1/16
642,1/1/16
643,1/1/16
644,1/1/16
645,1/1/16
646,1/1/16
647,1/1/16
648,1/1/16
649,1/1/16
650,1/1/16
651,1/1/16
652,1/1/16
653,1/1/16
654,1/1/16
655,1/1/16
656,1/1/16
657,1/1/16
658,1/1/16
659,1/1/16
660,1/1/16
661,1/1/16
662,1/1/16
663,1/1/16
664,1/1/16
665,1/1/16
666,1/1/16
667,1/1/16
668,1/1/16
669,1/1/16
670,1/1/16
671,1/1/16
672,1/1/16
673,1/1/16
674,1/1/16
675,1/1/16
676,1/1/16
677,1/1/16
678,1/1/16
679,1/1/16
681,1/1/16
683,1/1/16
684,1/1/16
686,1/1/16
687,1/1/16
688,1/1/16
689,1/1/16
690,1/1/16
691,1/1/16
692,1/1/16
693,1/1/16
694,1/1/16
695,1/1/16
696,1/1/16
697,1/1/16
698,1/1/16
699,1/1/16
700,1/1/16
701,1/1/16
702,1/1/16
703,1/1/16
704,1/1/16
705,1/1/16
706,1/1/16
707,1/1/16
708,1/1/16
709,1/1/16
710,1/1/16
711,1/1/16
712,1/1/16
713,1/1/16
714,1/1/16
715,1/1/16
716,1/1/16
717,1/1/16
718,1/1/16
719,1/1/16
720,1/1/16
721,1/1/16
722,1/1/16
723,1/1/16
724,1/1/16
725,1/1/16
726,1/1/16
727,1/1/16
728,1/1/16
729,1/1/16
731,1/1/16
732,1/1/16
733,1/1/16
734,1/1/16
735,1/1/16
736,1/1/16
737,1/1/16
738,1/1/16
739,1/1/16
740,1/1/16
741,1/1/16
742,1/1/16
743,1/1/16
744,1/1/16
745,1/1/16
746,1/1/16
747,1/1/16
748,1/1/16
749,1/1/16
750,1/1/16
751,1/1/16
752,1/1/16
753,1/1/16
754,1/1/16
755,1/1/16
756,1/1/16
757,1/1/16
758,1/1/16
759,1/1/16
760,1/1/16
761,1/1/16
762,1/1/16
763,1/1/16
764,1/1/16
765,1/1/16
766,1/1/16
767,1/1/16
768,1/1/16
769,1/1/16
770,1/1/16
771,1/1/16
772,1/1/16
773,1/1/16
774,1/1/16
775,1/1/16
776,1/1/16
777,1/1/16
778,1/1/16
779,1/1/16
780,1/1/16
781,1/1/16
782,1/1/16
783,1/1/16
784,1/1/16
785,1/1/16
786,1/1/16
787,1/1/16
788,1/1/16
789,1/1/16
790,1/1/16
791,1/1/16
792,1/1/16
793,1/1/16
794,1/1/16
795,1/1/16
796,1/1/16
797,1/1/16
798,1/1/16
799,1/1/16
800,1/1/16
801,1/1/16
802,1/1/16
803,1/1/16
804,1/1/16
805,1/1/16
806,1/1/16
807,1/1/16
808,1/1/16
809,1/1/16
810,1/1/16
811,1/1/16
812,1/1/16
813,1/1/16
814,1/1/16
815,1/1/16
816,1/1/16
817,1/1/16
818,1/1/16
819,1/1/16
820,1/1/16
821,1/1/16
822,1/1/16
823,1/1/16
824,1/1/16
825,1/1/16
826,1/1/16
827,1/1/16
828,1/1/16
829,1/1/16
830,1/1/16
831,1/1/16
832,1/1/16
833,1/1/16
834,1/1/16
835,1/1/16
836,1/1/16
837,1/1/16
838,1/1/16
839,1/1/16
840,1/1/16
841,1/1/16
842,1/1/16
843,1/1/16
844,1/1/16
845,1/1/16
846,1/1/16
847,1/1/16
848,1/1/16
849,1/1/16
850,1/1/16
851,1/1/16
852,1/1/16
853,1/1/16
854,1/1/16
855,1/1/16
856,1/1/16
857,1/1/16
858,1/1/16
859,1/1/16
860,1/1/16
861,1/1/16
863,1/1/16
864,1/1/16
865,1/1/16
866,1/1/16
867,1/1/16
868,1/1/16
869,1/1/16
870,1/1/16
871,1/1/16
872,1/1/16
873,1/1/16
874,1/1/16
875,1/1/16
876,1/1/16
877,1/1/16
878,1/1/16
879,1/1/16
880,1/1/16
881,1/1/16
882,1/1/16
883,1/1/16
884,1/1/16
885,1/1/16
886,1/1/16
887,1/1/16
888,1/1/16
889,1/1/16
890,1/1/16
891,1/1/16
892,1/1/16
893,1/1/16
894,1/1/16
895,1/1/16
896,1/1/16
897,1/1/16
898,1/1/16
899,1/1/16
900,1/1/16
901,1/1/16
902,1/1/16
903,1/1/16
904,1/1/16
905,1/1/16
906,1/1/16
907,11/29/16
908,1/1/16
909,1/1/16
910,1/1/16
911,1/1/16
912,1/1/16
913,1/1/16
914,1/1/16
915,1/1/16
916,1/1/16
917,1/1/16
918,1/1/16
919,1/1/16
920,1/1/16
921,1/1/16
922,1/1/16
923,1/1/16
924,1/1/16
925,1/1/16
926,1/1/16
927,1/1/16
928,1/1/16
929,1/1/16
930,1/1/16
931,1/1/16
932,1/1/16
933,1/1/16
934,1/1/16
935,1/1/16
936,1/1/16
937,1/1/16
938,1/1/16
939,1/1/16
940,1/1/16
942,1/1/16
943,1/1/16
944,1/1/16
945,1/1/16
946,1/1/16
947,1/1/16
948,1/1/16
949,1/1/16
950,1/1/16
951,1/1/16
952,1/1/16
953,1/1/16
954,1/1/16
955,1/1/16
956,1/1/16
957,1/1/16
958,1/1/16
959,1/1/16
960,1/1/16
961,1/1/16
962,1/1/16
963,1/1/16
964,1/1/16
965,1/1/16
966,1/1/16
967,1/1/16
968,1/1/16
969,1/1/16
970,1/1/16
971,1/1/16
972,1/1/16
973,1/1/16
974,1/1/16
975,1/1/16
976,1/1/16
977,1/1/16
978,1/1/16
979,1/1/16
980,1/1/16
981,1/1/16
982,1/1/16
983,1/1/16
984,1/1/16
985,1/1/16
986,1/1/16
987,1/1/16
988,1/1/16
989,1/1/16
990,1/1/16
991,1/1/16
992,1/1/16
993,1/1/16
994,1/1/16
995,1/1/16
996,1/1/16
997,1/1/16
998,1/1/16
999,1/1/16
1000,1/1/16
1001,1/1/16
1002,1/1/16
1003,1/1/16
1004,1/1/16
1005,1/1/16
1006,1/1/16
1007,1/1/16
1008,1/1/16
1009,1/1/16
1010,1/1/16
1011,1/1/16
1012,1/1/16
1013,1/1/16
1014,1/1/16
1015,1/1/16
1016,1/1/16
1017,1/1/16
1018,1/1/16
1019,1/1/16
1020,1/1/16
1021,1/1/16
1022,1/1/16
1023,1/1/16
1024,1/1/16
1025,1/1/16
1026,1/1/16
1027,1/1/16
1028,1/1/16
1029,1/1/16
1030,1/1/16
1031,1/1/16
1032,1/1/16
1033,1/1/16
1034,1/1/16
1035,1/1/16
1036,1/1/16
1037,1/1/16
1038,1/1/16
1039,1/1/16
1040,1/1/16
1042,1/1/16
1043,1/1/16
1044,1/1/16
1045,1/1/16
1046,1/1/16
1047,1/1/16
1048,1/1/16
1049,1/1/16
1050,1/1/16
1051,1/1/16
1052,1/1/16
1053,1/1/16
1054,1/1/16
1055,1/1/16
1057,1/1/16
1058,1/1/16
1059,1/1/16
1060,1/1/16
1061,1/1/16
1062,1/1/16
1063,1/1/16
1064,1/1/16
1065,1/1/16
1066,1/1/16
1067,1/1/16
1068,1/1/16
1069,1/1/16
1070,1/1/16
1071,1/1/16
1072,1/1/16
1073,1/1/16
1074,1/1/16
1075,1/1/16
1076,1/1/16
1077,1/1/16
1078,1/1/16
1079,1/1/16
1080,1/1/16
1081,1/1/16
1082,1/1/16
1083,1/1/16
1084,1/1/16
1085,1/1/16
1086,1/1/16
1087,1/1/16
1088,1/1/16
1089,1/1/16
1090,1/1/16
1091,1/1/16
1092,1/1/16
1093,1/1/16
1094,1/1/16
1095,1/1/16
1096,1/1/16
1097,1/1/16
1098,1/1/16
1099,1/1/16
1100,1/1/16
1101,1/1/16
1102,1/1/16
1103,1/1/16
1104,1/1/16
1105,1/1/16
1106,1/1/16
1107,1/1/16
1108,1/1/16
1109,1/1/16
1110,1/1/16
1111,1/1/16
1112,1/1/16
1113,1/1/16
1114,1/1/16
1115,1/1/16
1116,1/1/16
1117,1/1/16
1118,1/1/16
1119,1/1/16
1120,1/1/16
1121,1/1/16
1122,1/1/16
1123,1/1/16
1124,1/1/16
1125,1/1/16
1126,1/1/16
1127,1/1/16
1128,1/1/16
1129,1/1/16
1130,1/1/16
1131,1/1/16
1132,1/1/16
1133,1/1/16
1134,1/1/16
1135,1/1/16
1136,1/1/16
1137,1/1/16
1138,1/1/16
1139,1/1/16
1140,1/1/16
1141,1/1/16
1142,1/1/16
1143,1/1/16
1144,1/1/16
1145,1/1/16
1146,1/1/16
1147,1/1/16
1148,1/1/16
1149,1/1/16
1150,1/1/16
1151,1/1/16
1152,1/1/16
1153,1/1/16
1154,1/1/16
1155,1/1/16
1156,1/1/16
1157,1/1/16
1158,1/1/16
1159,1/1/16
1160,1/1/16
1161,1/1/16
1162,1/1/16
1163,1/1/16
1164,1/1/16
1165,1/1/16
1166,1/1/16
1167,1/1/16
1168,1/1/16
1169,1/1/16
1170,1/1/16
1171,1/1/16
1172,1/1/16
1173,1/1/16
1174,1/1/16
1175,1/1/16
1176,1/1/16
1177,1/1/16
1178,1/1/16
1179,1/1/16
1180,1/1/16
1181,1/1/16
1182,1/1/16
1183,1/1/16
1184,1/1/16
1185,1/1/16
1186,1/1/16
1187,1/1/16
1188,1/1/16
1189,1/1/16
1190,1/1/16
1191,1/1/16
1192,1/1/16
1193,1/1/16
1194,1/1/16
1195,1/1/16
1196,1/1/16
1197,1/1/16
1198,1/1/16
1199,1/1/16
1200,1/1/16
1201,1/1/16
1202,1/1/16
1203,1/1/16
1204,1/1/16
1205,1/1/16
1206,1/1/16
1207,1/1/16
1208,1/1/16
1209,1/1/16
1210,1/1/16
1211,1/1/16
1212,1/1/16
1213,1/1/16
1214,1/1/16
1215,1/1/16
1216,1/1/16
1217,1/1/16
1218,1/1/16
1219,1/1/16
1220,1/1/16
1221,1/1/16
1222,1/1/16
1223,1/1/16
1224,1/1/16
1225,1/1/16
1226,1/1/16
1227,1/1/16
1228,1/1/16
1229,1/1/16
1230,1/1/16
1231,1/1/16
1232,1/1/16
1233,1/1/16
1234,1/1/16
1235,1/1/16
1236,1/1/16
1237,1/1/16
1238,1/1/16
1239,1/1/16
1240,1/1/16
1241,1/1/16
1242,1/1/16
1243,1/1/16
1244,1/1/16
1245,1/1/16
1246,1/1/16
1247,1/1/16
1248,1/1/16
1249,1/1/16
1250,1/1/16
1251,1/1/16
1252,1/1/16
1253,1/1/16
1254,1/1/16
1255,1/1/16
1256,1/1/16
1257,1/1/16
1258,1/1/16
1259,1/1/16
1260,1/1/16
1261,1/1/16
1262,1/1/16
1263,1/1/16
1264,1/1/16
1265,1/1/16
1266,1/1/16
1267,1/1/16
1268,1/1/16
1269,1/1/16
1270,1/1/16
1271,1/1/16
1272,1/1/16
1273,1/1/16
1274,1/1/16
1275,1/1/16
1276,1/1/16
1277,1/1/16
1278,1/1/16
1279,1/1/16
1280,1/1/16
1281,1/1/16
1282,1/1/16
1283,1/1/16
1284,1/1/16
1285,1/1/16
1286,1/1/16
1287,1/1/16
1288,1/1/16
1289,1/1/16
1290,1/1/16
1291,1/1/16
1292,1/1/16
1293,1/1/16
1294,1/1/16
1295,1/1/16
1296,1/1/16
1297,1/1/16
1298,1/1/16
1299,1/1/16
1300,1/1/16
1301,1/1/16
1302,1/1/16
1303,1/1/16
1304,1/1/16
1305,1/1/16
1306,1/1/16
1307,1/1/16
1309,1/1/16
1310,1/1/16
1311,1/1/16
1312,1/1/16
1313,1/1/16
1314,1/1/16
1315,1/1/16
1316,1/1/16
1317,1/1/16
1318,1/1/16
1319,1/1/16
1320,1/1/16
1321,1/1/16
1322,1/1/16
1323,1/1/16
1324,1/1/16
1325,1/1/16
1326,1/1/16
1327,1/1/16
1328,1/1/16
1329,1/1/16
1330,1/1/16
1331,1/1/16
1332,1/1/16
1333,1/1/16
1334,1/1/16
1335,1/1/16
1336,1/1/16
1337,1/1/16
1338,1/1/16
1339,1/1/16
1340,1/1/16
1341,1/1/16
1342,1/1/16
1343,1/1/16
1344,1/1/16
1345,1/1/16
1346,1/1/16
1347,1/1/16
1348,1/1/16
1349,1/1/16
1350,1/1/16
1351,1/1/16
1352,1/1/16
1353,1/1/16
1354,1/1/16
1355,1/1/16
1356,1/1/16
1357,1/1/16
1358,1/1/16
1359,1/1/16
1360,1/1/16
1361,1/1/16
1362,1/1/16
1363,1/1/16
1364,1/1/16
1365,1/1/16
1367,1/1/16
1368,1/1/16
1369,1/1/16
1370,1/1/16
1371,1/1/16
1372,1/1/16
1373,1/1/16
1374,1/1/16
1375,1/1/16
1376,1/1/16
1377,1/1/16
1378,1/1/16
1379,1/1/16
1380,1/1/16
1381,1/1/16
1382,1/1/16
1383,1/1/16
1384,1/1/16
1385,1/1/16
1386,1/1/16
1387,1/1/16
1388,1/1/16
1389,1/1/16
1390,1/1/16
1391,1/1/16
1392,1/1/16
1393,1/1/16
1394,1/1/16
1395,1/1/16
1396,1/1/16
1397,1/1/16
1398,1/1/16
1399,1/1/16
1400,1/1/16
1401,1/1/16
1402,1/1/16
1403,1/1/16
1404,1/1/16
1405,1/1/16
1406,1/1/16
1407,1/1/16
1408,1/1/16
1409,1/1/16
1410,1/1/16
1411,1/1/16
1412,1/1/16
1413,1/1/16
1414,1/1/16
1415,1/1/16
1416,1/1/16
1417,1/1/16
1418,1/1/16
1419,1/1/16
1420,1/1/16
1421,1/1/16
1422,1/1/16
1423,1/1/16
1424,1/1/16
1425,1/1/16
1426,1/1/16
1427,1/1/16
1428,1/1/16
1430,1/1/16
1431,1/1/16
1432,1/1/16
1433,1/1/16
1434,1/1/16
1435,1/1/16
1436,1/1/16
1437,1/1/16
1438,1/1/16
1439,1/1/16
1440,1/1/16
1441,1/1/16
1442,1/1/16
1443,1/1/16
1444,1/1/16
1445,1/1/16
1446,1/1/16
1447,1/1/16
1448,1/1/16
1449,1/1/16
1450,1/1/16
1451,1/1/16
1452,1/1/16
1453,1/1/16
1454,1/1/16
1455,1/1/16
1456,1/1/16
1457,1/1/16
1458,1/1/16
1459,1/1/16
1460,1/1/16
1461,1/1/16
1462,1/1/16
1463,1/1/16
1464,1/1/16
1465,1/1/16
1466,1/1/16
1467,1/1/16
1468,1/1/16
1469,1/1/16
1470,1/1/16
1471,1/1/16
1472,1/1/16
1473,1/1/16
1474,1/1/16
1475,1/1/16
1476,1/1/16
1477,1/1/16
1478,1/1/16
1479,1/1/16
1480,1/1/16
1481,1/1/16
1482,1/1/16
1483,1/1/16
1484,1/1/16
1485,1/1/16
1486,1/1/16
1487,1/1/16
1488,1/1/16
1489,1/1/16
1490,1/1/16
1491,1/1/16
1492,1/1/16
1493,1/1/16
1494,1/1/16
1495,1/1/16
1496,1/1/16
1497,1/1/16
1498,1/1/16
1499,1/1/16
1500,1/1/16
1501,1/1/16
1502,1/1/16
1503,1/1/16
1504,1/1/16
1505,1/1/16
1506,1/1/16
1507,1/1/16
1508,1/1/16
1509,1/1/16
1510,1/1/16
1511,1/1/16
1512,1/1/16
1513,1/1/16
1514,1/1/16
1515,1/1/16
1516,1/1/16
1517,1/1/16
1518,1/1/16
1519,1/1/16
1520,1/1/16
1521,1/1/16
1522,1/1/16
1523,1/1/16
1524,1/1/16
1525,1/1/16
1526,1/1/16
1527,1/1/16
1528,1/1/16
1529,1/1/16
1530,1/1/16
1531,1/1/16
1532,1/1/16
1533,1/1/16
1534,1/1/16
1535,1/1/16
1536,1/1/16
1537,1/1/16
1538,1/1/16
1539,1/1/16
1540,1/1/16
1541,1/1/16
1543,1/1/16
1544,1/1/16
1545,1/1/16
1546,1/1/16
1547,1/1/16
1548,1/1/16
1549,1/1/16
1550,1/1/16
1551,1/1/16
1552,1/1/16
1553,1/1/16
1554,1/1/16
1555,1/1/16
1556,1/1/16
1557,1/1/16
1558,1/1/16
1559,1/1/16
1560,1/1/16
1561,1/1/16
1562,1/1/16
1563,1/1/16
1564,1/1/16
1565,1/1/16
1566,1/1/16
1567,1/1/16
1568,1/1/16
1569,1/1/16
1570,1/1/16
1571,1/1/16
1572,1/1/16
1573,1/1/16
1574,1/1/16
1575,1/1/16
1576,1/1/16
1577,1/1/16
1578,1/1/16
1579,1/1/16
1580,1/1/16
1581,1/1/16
1582,1/1/16
1583,1/1/16
1584,1/1/16
1585,1/1/16
1586,1/1/16
1587,1/1/16
1588,1/1/16
1589,1/1/16
1590,1/1/16
1591,1/1/16
1592,1/1/16
1593,1/1/16
1594,1/1/16
1595,1/1/16
1596,1/1/16
1597,1/1/16
1598,1/1/16
1599,1/1/16
1600,1/1/16
1601,1/1/16
1602,1/1/16
1603,1/1/16
1604,1/1/16
1605,1/1/16
1606,1/1/16
1607,1/1/16
1608,1/1/16
1609,1/1/16
1610,1/1/16
1611,1/1/16
1612,1/1/16
1613,1/1/16
1614,1/1/16
1615,1/1/16
1616,1/1/16
1617,1/1/16
1618,1/1/16
1619,1/1/16
1620,1/1/16
1621,1/1/16
1622,1/1/16
1623,1/1/16
1624,1/1/16
1625,1/1/16
1626,1/1/16
1627,1/1/16
1628,1/1/16
1629,1/1/16
1630,1/1/16
1631,1/1/16
1632,1/1/16
1633,1/1/16
1634,1/1/16
1635,1/1/16
1636,1/1/16
1637,1/1/16
1638,1/1/16
1639,1/1/16
1640,1/1/16
1641,1/1/16
1642,1/1/16
1643,1/1/16
1644,1/1/16
1645,1/1/16
1646,1/1/16
1647,1/1/16
1648,1/1/16
1649,1/1/16
1650,1/1/16
1651,1/1/16
1652,1/1/16
1653,1/1/16
1654,1/1/16
1655,1/1/16
1656,1/1/16
1657,1/1/16
1658,1/1/16
1659,1/1/16
1660,1/1/16
1661,1/1/16
1662,1/1/16
1663,1/1/16
1664,1/1/16
1665,1/1/16
1666,1/1/16
1667,1/1/16
1668,1/1/16
1669,1/1/16
1670,1/1/16
1671,1/1/16
1672,1/1/16
1673,1/1/16
1674,1/1/16
1675,1/1/16
1676,1/1/16
1677,1/1/16
1678,1/1/16
1679,1/1/16
1680,1/1/16
1681,1/1/16
1682,1/1/16
1683,1/1/16
1684,1/1/16
1685,1/1/16
1686,1/1/16
1687,1/1/16
1688,1/1/16
1689,1/1/16
1690,1/1/16
1691,1/1/16
1692,1/1/16
1693,1/1/16
1694,1/1/16
1695,1/1/16
1696,1/1/16
1697,1/1/16
1698,1/1/16
1699,1/1/16
1700,1/1/16
1701,1/1/16
1702,1/1/16
1703,1/1/16
1704,1/1/16
1705,1/1/16
1706,1/1/16
1707,1/1/16
1708,1/1/16
1709,1/1/16
1710,1/1/16
1711,1/1/16
1712,1/1/16
1713,1/1/16
1714,1/1/16
1715,1/1/16
1716,1/1/16
1717,1/1/16
1718,1/1/16
1719,1/1/16
1720,1/1/16
1722,1/1/16
1723,1/1/16
1724,1/1/16
1725,1/1/16
1726,1/1/16
1727,1/1/16
1728,1/1/16
1729,1/1/16
1730,1/1/16
1731,1/1/16
1732,1/1/16
1733,1/1/16
1734,1/1/16
1735,1/1/16
1736,1/1/16
1737,1/1/16
1738,1/1/16
1739,1/1/16
1740,1/1/16
1741,1/1/16
1742,1/1/16
1743,1/1/16
1744,1/1/16
1745,1/1/16
1746,1/1/16
1747,1/1/16
1748,1/1/16
1749,1/1/16
1750,1/1/16
1751,1/1/16
1752,1/1/16
1753,1/1/16
1754,1/1/16
1755,1/1/16
1756,1/1/16
1757,1/1/16
1758,1/1/16
1759,1/1/16
1760,1/1/16
1761,1/1/16
1762,1/1/16
1763,1/1/16
1764,1/1/16
1765,1/1/16
1766,1/1/16
1767,1/1/16
1768,1/1/16
1769,1/1/16
1770,1/1/16
1771,1/1/16
1772,1/1/16
1773,1/1/16
1774,1/1/16
1775,1/1/16
1776,1/1/16
1777,1/1/16
1778,1/1/16
1779,1/1/16
1780,1/1/16
1783,1/1/16
1784,1/1/16
1785,1/1/16
1786,1/1/16
1787,1/1/16
1789,1/1/16
1790,1/1/16
1791,1/1/16
1792,1/1/16
1793,1/1/16
1794,1/1/16
1795,1/1/16
1796,1/1/16
1797,1/1/16
1798,1/1/16
1801,1/1/16
1802,1/1/16
1803,1/1/16
1804,1/1/16
1805,1/1/16
1806,1/1/16
1807,1/1/16
1808,1/1/16
1809,1/1/16
1810,1/1/16
1811,1/1/16
1812,1/1/16
1813,1/1/16
1814,1/1/16
1815,1/1/16
1816,1/1/16
1817,1/1/16
1818,1/1/16
1819,1/1/16
1820,1/1/16
1821,1/1/16
1822,1/1/16
1823,1/1/16
1824,1/1/16
1825,1/1/16
1826,1/1/16
1827,1/1/16
1828,1/1/16
1829,1/1/16
1830,1/1/16
1831,1/1/16
1832,1/1/16
1833,1/1/16
1834,1/1/16
1835,1/1/16
1836,1/1/16
1837,1/1/16
1838,1/1/16
1839,1/1/16
1840,1/1/16
1841,1/1/16
1842,1/1/16
1843,1/1/16
1844,1/1/16
1845,1/1/16
1846,1/1/16
1847,1/1/16
1848,1/1/16
1849,1/1/16
1850,1/1/16
1851,1/1/16
1852,1/1/16
1853,1/1/16
1854,1/1/16
1855,1/1/16
1856,1/1/16
1857,1/1/16
1858,1/1/16
1859,1/1/16
1860,1/1/16
1861,1/1/16
1862,1/1/16
1863,1/1/16
1864,1/1/16
1865,1/1/16
1866,1/1/16
1867,1/1/16
1868,1/1/16
1869,1/1/16
1870,1/1/16
1871,1/1/16
1872,1/1/16
1873,1/1/16
1874,1/1/16
1876,1/1/16
1877,1/1/16
1878,1/1/16
1879,1/1/16
1880,1/1/16
1881,1/1/16
1882,1/1/16
1883,1/1/16
1884,1/1/16
1885,1/1/16
1886,1/1/16
1887,1/1/16
1888,1/1/16
1889,1/1/16
1890,1/1/16
1891,1/1/16
1892,1/1/16
1893,1/1/16
1894,1/1/16
1895,1/1/16
1896,1/1/16
1897,1/1/16
1898,1/1/16
1899,1/1/16
1900,1/1/16
1901,1/1/16
1902,1/1/16
1903,1/1/16
1904,1/1/16
1905,1/1/16
1906,1/1/16
1907,1/1/16
1908,1/1/16
1909,1/1/16
1910,1/1/16
1911,1/1/16
1912,1/1/16
1913,1/1/16
1914,1/1/16
1915,1/1/16
1916,1/1/16
1917,1/1/16
1918,1/1/16
1919,1/1/16
1920,1/1/16
1921,1/1/16
1922,1/1/16
1923,1/1/16
1924,1/1/16
1925,1/1/16
1926,1/1/16
1927,1/1/16
1928,1/1/16
1929,1/1/16
1930,1/1/16
1931,1/1/16
1932,1/1/16
1933,1/1/16
1934,1/1/16
1935,1/1/16
1936,1/1/16
1938,1/1/16
1939,1/1/16
1940,1/1/16
1941,1/1/16
1942,1/1/16
1943,1/1/16
1944,1/1/16
1945,1/1/16
1946,1/1/16
1947,1/1/16
1948,1/1/16
1949,1/1/16
1950,1/1/16
1951,1/1/16
1952,1/1/16
1953,1/1/16
1954,1/1/16
1955,1/1/16
1956,1/1/16
1957,1/1/16
1958,1/1/16
1959,1/1/16
1960,1/1/16
1961,1/1/16
1962,1/1/16
1963,1/1/16
1964,1/1/16
1965,1/1/16
1966,1/1/16
1967,1/1/16
1968,1/1/16
1969,1/1/16
1970,1/1/16
1971,1/1/16
1972,1/1/16
1973,1/1/16
1974,1/1/16
1975,1/1/16
1976,1/1/16
1977,1/1/16
1978,1/1/16
1979,1/1/16
1980,1/1/16
1981,1/1/16
1982,1/1/16
1983,1/1/16
1984,1/1/16
1985,1/1/16
1986,1/1/16
1987,1/1/16
1988,1/1/16
1989,1/1/16
1990,1/1/16
1991,1/1/16
1992,1/1/16
1993,1/1/16
1994,1/1/16
1995,1/1/16
1996,1/1/16
1997,1/1/16
1998,1/1/16
1999,1/1/16
2000,1/1/16
2001,1/1/16
2002,1/1/16
2003,1/1/16
2004,1/1/16
2005,1/1/16
2006,1/1/16
2007,1/1/16
2008,1/1/16
2009,1/1/16
2011,1/1/16
2012,1/1/16
2013,1/1/16
2014,1/1/16
2015,1/1/16
2016,1/1/16
2017,1/1/16
2018,1/1/16
2019,1/1/16
2020,1/1/16
2021,1/1/16
2022,1/1/16
2023,1/1/16
2024,1/1/16
2025,1/1/16
2026,1/1/16
2027,1/1/16
2028,1/1/16
2029,1/1/16
2030,1/1/16
2031,1/1/16
2032,1/1/16
2033,1/1/16
2034,1/1/16
2035,1/1/16
2036,1/1/16
2037,1/1/16
2038,1/1/16
2039,1/1/16
2040,1/1/16
2041,1/1/16
2042,1/1/16
2043,1/1/16
2044,1/1/16
2045,1/1/16
2046,1/1/16
2047,1/1/16
2048,1/1/16
2049,1/1/16
2050,1/1/16
2051,1/1/16
2052,1/1/16
2053,1/1/16
2054,1/1/16
2055,1/1/16
2056,1/1/16
2057,1/1/16
2058,1/1/16
2059,1/1/16
2060,1/1/16
2061,1/1/16
2062,1/1/16
2063,1/1/16
2064,1/1/16
2065,1/1/16
2066,1/1/16
2067,1/1/16
2068,1/1/16
2069,1/1/16
2070,1/1/16
2071,1/1/16
2072,1/1/16
2073,1/1/16
2074,1/1/16
2075,1/1/16
2076,1/1/16
2077,1/1/16
2078,1/1/16
2079,1/1/16
2080,1/1/16
2081,1/1/16
2082,1/1/16
2083,1/1/16
2084,1/1/16
2085,1/1/16
2086,1/1/16
2087,1/1/16
2088,1/1/16
2089,1/1/16
2090,1/1/16
2091,1/1/16
2092,1/1/16
2093,1/1/16
2094,1/1/16
2095,1/1/16
2096,1/1/16
2097,1/1/16
2098,1/1/16
2099,1/1/16
2100,1/1/16
2101,1/1/16
2102,1/1/16
2103,1/1/16
2104,1/1/16
2105,1/1/16
2106,1/1/16
2107,1/1/16
2108,1/1/16
2109,1/1/16
2110,1/1/16
2111,1/1/16
2112,1/1/16
2113,1/1/16
2114,1/1/16
2115,1/1/16
2116,1/1/16
2117,1/1/16
2118,1/1/16
2119,1/1/16
2120,1/1/16
2121,1/1/16
2122,1/1/16
2123,1/1/16
2125,1/1/16
2126,1/1/16
2127,1/1/16
2128,1/1/16
2129,1/1/16
2130,1/1/16
2131,1/1/16
2132,1/1/16
2133,1/1/16
2134,1/1/16
2135,1/1/16
2136,1/1/16
2137,1/1/16
2138,1/1/16
2139,1/1/16
2140,1/1/16
2141,1/1/16
2142,1/1/16
2143,1/1/16
2144,1/1/16
2145,1/1/16
2146,1/1/16
2147,1/1/16
2148,1/1/16
2149,1/1/16
2150,1/1/16
2151,1/1/16
2152,1/1/16
2153,1/1/16
2154,1/1/16
2155,1/1/16
2156,1/1/16
2157,1/1/16
2158,1/1/16
2159,1/1/16
2160,1/1/16
2161,1/1/16
2162,1/1/16
2163,1/1/16
2166,1/1/16
2167,1/1/16
2168,1/1/16
2169,1/1/16
2170,1/1/16
2171,1/1/16
2172,1/1/16
2173,1/1/16
2174,1/1/16
2175,1/1/16
2176,1/1/16
2177,1/1/16
2178,1/1/16
2179,1/1/16
2180,1/1/16
2181,1/1/16
2182,1/1/16
2183,1/1/16
2184,1/1/16
2185,1/1/16
2186,1/1/16
2187,1/1/16
2188,1/1/16
2189,1/1/16
2190,1/1/16
2191,1/1/16
2192,1/1/16
2193,1/1/16
2194,1/1/16
2195,1/1/16
2196,1/1/16
2197,1/1/16
2198,1/1/16
2199,1/1/16
2200,1/1/16
2201,1/1/16
2202,1/1/16
2203,1/1/16
2204,1/1/16
2205,1/1/16
2206,1/1/16
2207,1/1/16
2208,1/1/16
2209,1/1/16
2210,1/1/16
2211,1/1/16
2212,1/1/16
2213,1/1/16
2214,1/1/16
2215,1/1/16
2216,1/1/16
2217,1/1/16
2218,1/1/16
2219,1/1/16
2220,1/1/16
2221,1/1/16
2222,1/1/16
2223,1/1/16
2224,1/1/16
2225,1/1/16
2226,1/1/16
2227,1/1/16
2228,1/1/16
2229,1/1/16
2230,1/1/16
2231,1/1/16
2232,1/1/16
2233,1/1/16
2234,1/1/16
2235,1/1/16
2236,1/1/16
2237,1/1/16
2238,1/1/16
2239,1/1/16
2240,1/1/16
2241,1/1/16
2242,1/1/16
2243,1/1/16
2244,1/1/16
2245,1/1/16
2246,1/1/16
2247,1/1/16
2248,1/1/16
2249,1/1/16
2250,1/1/16
2251,1/1/16
2252,1/1/16
2253,1/1/16
2254,1/1/16
2255,1/1/16
2256,1/1/16
2257,1/1/16
2258,1/1/16
2259,1/1/16
2260,1/1/16
2261,1/1/16
2262,1/1/16
2263,1/1/16
2264,1/1/16
2265,1/1/16
2266,1/1/16
2267,1/1/16
2268,1/1/16
2269,1/1/16
2270,1/1/16
2271,1/1/16
2272,1/1/16
2273,1/1/16
2274,1/1/16
2275,1/1/16
2276,1/1/16
2277,1/1/16
2278,1/1/16
2279,1/1/16
2280,1/1/16
2281,1/1/16
2282,1/1/16
2283,1/1/16
2284,1/1/16
2285,1/1/16
2286,1/1/16
2287,1/1/16
2288,1/1/16
2289,1/1/16
2290,1/1/16
2291,1/1/16
2292,1/1/16
2293,1/1/16
2294,1/1/16
2295,1/1/16
2296,1/1/16
2297,1/1/16
2298,1/1/16
2299,1/1/16
2300,1/1/16
2301,1/1/16
2302,1/1/16
2303,1/1/16
2304,1/1/16
2305,1/1/16
2306,1/1/16
2307,1/1/16
2308,1/1/16
2309,1/1/16
2310,1/1/16
2311,1/1/16
2312,1/1/16
2313,1/1/16
2314,1/1/16
2315,1/1/16
2316,1/1/16
2317,1/1/16
2318,1/1/16
2319,1/1/16
2322,1/1/16
2323,1/1/16
2324,1/1/16
2325,1/1/16
2326,1/1/16
2327,1/1/16
2328,1/1/16
2329,1/1/16
2330,1/1/16
2331,1/1/16
2332,1/1/16
2333,1/1/16
2334,1/1/16
2335,1/1/16
2336,1/1/16
2337,1/1/16
2338,1/1/16
2339,1/1/16
2340,1/1/16
2341,1/1/16
2342,1/1/16
2343,1/1/16
2344,1/1/16
2345,1/1/16
2346,1/1/16
2347,1/1/16
2348,1/1/16
2349,1/1/16
2350,1/1/16
2351,1/1/16
2352,1/1/16
2353,1/1/16
2354,1/1/16
2355,1/1/16
2356,1/1/16
2357,1/1/16
2358,1/1/16
2359,1/1/16
2360,1/1/16
2361,1/1/16
2362,1/1/16
2363,1/1/16
2364,1/1/16
2365,1/1/16
2366,1/1/16
2367,1/1/16
2368,1/1/16
2369,1/1/16
2370,1/1/16
2371,1/1/16
2372,1/1/16
2373,1/1/16
2374,1/1/16
2375,1/1/16
2376,1/1/16
2377,1/1/16
2378,1/1/16
2379,1/1/16
2380,1/1/16
2381,1/1/16
2382,1/1/16
2383,1/1/16
2384,1/1/16
2385,1/1/16
2386,1/1/16
2387,1/1/16
2388,1/1/16
2389,1/1/16
2390,1/1/16
2392,1/1/16
2393,1/1/16
2394,1/1/16
2395,1/1/16
2396,1/1/16
2397,1/1/16
2398,1/1/16
2399,1/1/16
2400,1/1/16
2401,1/1/16
2402,1/1/16
2403,1/1/16
2404,1/1/16
2405,1/1/16
2406,1/1/16
2407,1/1/16
2409,1/1/16
2410,1/1/16
2411,1/1/16
2412,1/1/16
2413,1/1/16
2414,1/1/16
2415,1/1/16
2416,1/1/16
2417,1/1/16
2418,1/1/16
2419,1/1/16
2420,1/1/16
2421,1/1/16
2422,1/1/16
2423,1/1/16
2424,1/1/16
2425,1/1/16
2426,1/1/16
2427,1/1/16
2428,1/1/16
2429,1/1/16
2430,1/1/16
2431,1/1/16
2432,1/1/16
2433,1/1/16
2434,1/1/16
2435,1/1/16
2436,1/1/16
2437,1/1/16
2438,1/1/16
2439,1/1/16
2440,1/1/16
2441,1/1/16
2442,1/1/16
2443,1/1/16
2444,1/1/16
2445,1/1/16
2446,1/1/16
2447,1/1/16
2448,1/1/16
2449,1/1/16
2450,1/1/16
2451,1/1/16
2452,1/1/16
2453,1/1/16
2454,1/1/16
2455,1/1/16
2456,1/1/16
2457,1/1/16
2458,1/1/16
2459,1/1/16
2460,1/1/16
2461,1/1/16
2462,1/1/16
2463,1/1/16
2464,1/1/16
2465,1/1/16
2466,1/1/16
2467,1/1/16
2468,1/1/16
2469,1/1/16
2470,1/1/16
2471,1/1/16
2472,1/1/16
2473,1/1/16
2474,1/1/16
2475,1/1/16
2476,1/1/16
2477,1/1/16
2478,1/1/16
2479,1/1/16
2480,1/1/16
2481,1/1/16
2482,1/1/16
2483,1/1/16
2484,1/1/16
2485,1/1/16
2486,1/1/16
2487,1/1/16
2488,1/1/16
2489,1/1/16
2490,1/1/16
2491,1/1/16
2492,1/1/16
2493,1/1/16
2494,1/1/16
2495,1/1/16
2496,1/1/16
2497,1/1/16
2498,1/1/16
2499,1/1/16
2500,1/1/16
2501,1/1/16
2502,1/1/16
2503,1/1/16
2504,1/1/16
2505,1/1/16
2506,1/1/16
2507,1/1/16
2508,1/1/16
2509,1/1/16
2510,1/1/16
2511,1/1/16
2512,1/1/16
2513,1/1/16
2514,1/1/16
2515,1/1/16
2516,1/1/16
2517,1/1/16
2518,1/1/16
2519,1/1/16
2520,1/1/16
2521,1/1/16
2522,1/1/16
2523,1/1/16
2524,1/1/16
2525,1/1/16
2526,1/1/16
2527,1/1/16
2528,1/1/16
2529,1/1/16
2530,1/1/16
2531,1/1/16
2532,1/1/16
2533,1/1/16
2534,1/1/16
2535,1/1/16
2536,1/1/16
2537,1/1/16
2538,1/1/16
2539,1/1/16
2540,1/1/16
2541,1/1/16
2542,1/1/16
2543,1/1/16
2544,1/1/16
2545,1/1/16
2546,1/1/16
2547,1/1/16
2548,1/1/16
2549,1/1/16
2550,1/1/16
2551,1/1/16
2552,1/1/16
2553,1/1/16
2554,1/1/16
2555,1/1/16
2556,1/1/16
2557,1/1/16
2558,1/1/16
2559,1/1/16
2560,1/1/16
2561,1/1/16
2562,1/1/16
2563,1/1/16
2564,1/1/16
2565,1/1/16
2566,1/1/16
2567,1/1/16
2568,1/1/16
2569,1/1/16
2570,1/1/16
2571,1/1/16
2572,1/1/16
2573,1/1/16
2574,1/1/16
2575,1/1/16
2576,1/1/16
2577,1/1/16
2578,1/1/16
2579,1/1/16
2580,1/1/16
2581,1/1/16
2582,1/1/16
2583,1/1/16
2584,1/1/16
2585,1/1/16
2586,1/1/16
2587,1/1/16
2588,1/1/16
2589,1/1/16
2590,1/1/16
2591,1/1/16
2592,1/1/16
2593,1/1/16
2594,1/1/16
2595,1/1/16
2596,1/1/16
2597,1/1/16
2598,1/1/16
2599,1/1/16
2600,1/1/16
2601,1/1/16
2602,1/1/16
2603,1/1/16
2604,1/1/16
2605,1/1/16
2606,1/1/16
2607,1/1/16
2608,1/1/16
2609,1/1/16
2610,1/1/16
2611,1/1/16
2612,1/1/16
2613,1/1/16
2614,1/1/16
2615,1/1/16
2616,1/1/16
2617,1/1/16
2618,1/1/16
2619,1/1/16
2620,1/1/16
2621,1/1/16
2622,1/1/16
2623,1/1/16
2624,1/1/16
2625,11/29/16
2626,11/29/16
2627,11/29/16
2628,11/29/16
2629,11/29/16
2630,11/29/16
2631,11/29/16
2632,11/29/16
2633,11/29/16
2634,11/29/16
2635,11/29/16
2636,11/29/16
2637,11/29/16
2638,11/29/16
2639,3/28/17
2640,3/28/17
2641,11/29/16
2642,11/29/16
2643,11/29/16
2644,11/29/16
2645,11/29/16
2646,11/29/16
2647,11/29/16
2648,11/29/16
2649,11/29/16
2650,11/29/16
2651,11/29/16
2652,11/29/16
2653,11/29/16
2654,11/29/16
2655,11/29/16
2656,11/29/16
2657,11/29/16
2658,11/29/16
2659,11/29/16
2660,11/29/16
2661,11/29/16
2662,11/29/16
2663,11/29/16
2664,11/29/16
2665,11/29/16
2666,11/29/16
2667,11/29/16
2668,11/29/16
2669,11/29/16
2670,11/29/16
2671,11/29/16
2672,11/29/16
2673,11/29/16
2674,11/29/16
2675,11/29/16
2676,11/29/16
2677,11/29/16
2678,11/29/16
2679,11/29/16
2680,11/29/16
2681,11/29/16
2682,11/29/16
2683,11/29/16
2684,11/29/16
2685,11/29/16
2686,11/29/16
2687,11/29/16
2688,11/29/16
2689,11/29/16
2690,11/29/16
2691,11/29/16
2692,11/29/16
2693,11/29/16
2694,11/29/16
2695,11/29/16
2696,11/29/16
2697,11/29/16
2698,11/29/16
2699,11/29/16
2700,11/29/16
2701,11/29/16
2702,11/29/16
2703,11/29/16
2705,11/29/16
2706,11/29/16
2707,11/29/16
2708,11/29/16
2709,11/29/16
2711,11/29/16
2712,11/29/16
2713,11/29/16
2714,11/29/16
2715,11/29/16
2716,11/29/16
2717,11/29/16
2718,11/29/16
2719,11/29/16
2720,11/29/16
2721,11/29/16
2722,11/29/16
2723,11/29/16
2724,11/29/16
2725,11/29/16
2726,11/29/16
2727,11/29/16
2728,11/29/16
2729,11/29/16
2730,11/29/16
2732,11/29/16
2733,11/29/16
2734,11/29/16
2735,11/29/16
2736,11/29/16
2737,11/29/16
2738,11/29/16
2739,11/29/16
2740,11/29/16
2741,11/29/16
2742,11/29/16
2743,11/29/16
2744,11/29/16
2745,11/29/16
2746,11/29/16
2747,11/29/16
2748,11/29/16
2749,11/29/16
2750,11/29/16
2751,11/29/16
2752,11/29/16
2753,11/29/16
2754,11/29/16
2755,11/29/16
2756,11/29/16
2757,11/29/16
2758,11/29/16
2759,11/29/16
2760,11/29/16
2761,11/29/16
2762,11/29/16
2763,11/29/16
2764,11/29/16
2765,11/29/16
2766,11/29/16
2767,11/29/16
2768,11/29/16
2769,11/29/16
2770,11/29/16
2771,11/29/16
2772,11/29/16
2773,11/29/16
2774,1/1/17
2775,1/1/17
2776,1/1/17
2778,1/1/17
2779,1/1/17
2780,1/1/17
2781,1/1/17
2782,1/1/17
2783,1/1/17
2784,1/1/17
2785,1/1/17
2786,1/1/17
2787,1/1/17
2788,1/1/17
2789,1/1/17
2790,1/1/17
2791,1/1/17
2792,1/1/17
2793,1/1/17
2794,1/1/17
2795,1/1/17
2796,1/1/17
2797,1/1/17
2798,1/1/17
2799,1/1/17
2800,1/1/17
2801,1/1/17
2802,1/1/17
2803,1/1/17
2804,1/1/17
2805,1/1/17
2806,1/1/17
2807,1/1/17
2808,1/1/17
2809,1/1/17
2810,11/29/16
2811,11/29/16
2812,11/29/16
2813,11/29/16
2814,11/29/16
2815,11/29/16
2816,11/29/16
2817,11/29/16
2818,11/29/16
2819,11/29/16
2820,11/29/16
2821,11/29/16
2822,11/29/16
2823,11/29/16
2824,11/29/16
2825,11/29/16
2826,11/29/16
2827,11/29/16
2828,11/29/16
2829,11/29/16
2830,11/29/16
2831,11/29/16
2832,11/29/16
2833,11/29/16
2834,11/29/16
2835,11/29/16
2836,11/29/16
2837,11/29/16
2838,11/29/16
2839,11/29/16
2840,11/29/16
2841,11/29/16
2842,11/29/16
2843,11/29/16
2844,11/29/16
2845,11/29/16
2846,11/29/16
2847,11/29/16
2848,11/29/16
2849,11/29/16
2850,11/29/16
2851,11/29/16
2852,11/29/16
2853,11/29/16
2854,11/29/16
2855,11/29/16
2856,11/29/16
2857,11/29/16
2858,11/29/16
2859,11/29/16
2860,11/29/16
2861,11/29/16
2862,11/29/16
2863,11/29/16
2864,11/29/16
2865,11/29/16
2866,11/29/16
2867,11/29/16
2868,11/29/16
2869,11/29/16
2870,11/29/16
2875,11/29/16
2876,11/29/16
2877,11/29/16
2878,11/29/16
2879,11/29/16
2880,11/29/16
2881,11/29/16
2882,11/29/16
2883,11/29/16
2884,11/29/16
2885,11/29/16
2886,11/29/16
2887,11/29/16
2890,11/29/16
2891,11/29/16
2892,11/29/16
2893,11/29/16
2894,11/29/16
2895,11/29/16
2896,11/29/16
2897,11/29/16
2898,11/29/16
2899,11/29/16
2900,11/29/16
2901,11/29/16
2902,11/29/16
2903,11/29/16
2904,11/29/16
2905,11/29/16
2906,11/29/16
2907,11/29/16
2908,11/29/16
2909,11/29/16
2910,11/29/16
2911,11/29/16
2913,11/29/16
2914,11/29/16
2915,11/29/16
2916,11/29/16
2917,11/29/16
2919,11/29/16
2920,11/29/16
2921,11/29/16
2922,11/29/16
2923,11/29/16
2924,11/29/16
2925,11/29/16
2926,11/29/16
2927,11/29/16
2928,11/29/16
2929,11/29/16
2930,11/29/16
2931,11/29/16
2932,11/29/16
2933,11/29/16
2934,11/29/16
2935,11/29/16
2936,11/29/16
2937,11/29/16
2938,11/29/16
2939,11/29/16
2940,11/29/16
2941,11/29/16
2942,11/29/16
2943,11/29/16
2944,11/29/16
2945,11/29/16
2946,11/29/16
2947,11/29/16
2948,11/29/16
2949,11/29/16
2950,11/29/16
2951,11/29/16
2952,11/29/16
2953,11/29/16
2954,11/29/16
2955,11/29/16
2956,11/29/16
2957,11/29/16
2958,11/29/16
2959,11/29/16
2960,11/29/16
2961,11/29/16
2962,11/29/16
2963,11/29/16
2964,11/29/16
2965,11/29/16
2966,11/29/16
2967,11/29/16
2968,11/29/16
2969,11/29/16
2970,11/29/16
2971,11/29/16
2972,11/29/16
2973,11/29/16
2974,11/29/16
2975,11/29/16
2976,11/29/16
2977,11/29/16
2978,11/29/16
2979,11/29/16
2980,11/29/16
2981,11/29/16
2982,11/29/16
2983,11/29/16
2984,11/29/16
2985,11/29/16
2986,11/29/16
2987,11/29/16
2988,11/29/16
2989,11/29/16
2990,11/29/16
2991,11/29/16
2992,11/29/16
2993,11/29/16
2994,11/29/16
2995,11/29/16
2996,11/29/16
2997,11/29/16
2998,11/29/16
2999,11/29/16
3000,11/29/16
3001,1/1/17
3002,1/1/17
3003,1/1/17
3004,1/1/17
3005,1/1/17
3006,1/1/17
3007,1/1/17
3008,1/1/17
3009,1/1/17
3010,3/28/17
3011,3/28/17
3012,3/28/17
3013,3/28/17
3014,3/28/17
3015,3/28/17
3016,3/28/17
3017,3/28/17
3018,3/28/17
3019,3/28/17
3020,3/28/17
3021,3/28/17
3022,3/28/17
3023,3/28/17
3024,3/28/17
3025,3/28/17
3026,3/28/17
3027,3/28/17
3028,3/28/17
3029,3/28/17
3030,3/28/17
3031,3/28/17
3032,3/28/17
3033,3/28/17
3034,3/28/17
3035,3/28/17
3036,3/28/17
3037,3/28/17
3038,3/28/17
3039,3/28/17
3040,3/28/17
3041,3/28/17
3042,3/28/17
3043,3/28/17
3044,3/28/17
3045,3/28/17
3046,3/28/17
3047,3/28/17
3048,3/28/17
3049,3/28/17
3050,3/28/17
3051,3/28/17
3052,3/28/17
3053,3/28/17
3054,3/28/17
3055,3/28/17
3056,3/28/17
3057,3/28/17
3058,3/28/17
3059,3/28/17
3060,3/28/17
3061,3/28/17
3062,3/28/17
3063,3/28/17
3064,3/28/17
3065,3/28/17
3066,3/28/17
3067,3/28/17
3068,3/28/17
3069,3/28/17
3070,3/28/17
3071,3/28/17
3072,3/28/17
3073,3/28/17
3074,3/28/17
3075,3/28/17
3076,3/28/17
3077,3/28/17
3078,3/28/17
3079,3/28/17
3080,3/28/17
3082,3/28/17
3083,3/28/17
3084,3/28/17
3085,3/28/17
3086,3/28/17
3087,3/28/17
3088,3/28/17
3089,3/28/17
3090,3/28/17
3091,3/28/17
3092,3/28/17
3093,3/28/17
3094,3/28/17
3095,3/28/17
3097,3/28/17
3099,3/28/17
3100,3/28/17
3101,3/28/17
3102,3/28/17
3103,3/28/17
3105,3/28/17
3106,3/28/17
3107,3/28/17
3108,3/28/17
3109,3/28/17
3110,3/28/17
3111,3/28/17
3112,3/28/17
3113,3/28/17
3114,3/28/17
3115,3/28/17
3116,3/28/17
3117,3/28/17
3118,3/28/17
3119,3/28/17
3120,3/28/17
3121,3/28/17
3122,3/28/17
3123,3/28/17
3124,3/28/17
3125,3/28/17
3126,3/28/17
3127,3/28/17
3128,3/28/17
3130,3/28/17
3131,3/28/17
3132,3/28/17
3133,3/28/17
3134,3/28/17
3135,3/28/17
3137,3/28/17
3138,3/28/17
3139,3/28/17
3140,3/28/17
3141,3/28/17
3142,3/28/17
3143,3/28/17
3144,3/28/17
3145,3/28/17
3146,3/28/17
3147,3/28/17
3148,3/28/17
3149,3/28/17
3150,3/28/17
3151,3/28/17
3152,3/28/17
3153,3/28/17
3154,3/28/17
3155,3/28/17
3156,3/28/17
3157,3/28/17
3158,3/28/17
3159,3/28/17
3160,3/28/17
3161,3/28/17
3162,3/28/17
3163,3/28/17
3164,3/28/17
3165,3/28/17
3166,3/28/17
3167,3/28/17
3168,3/28/17
3169,3/28/17
3170,3/28/17
3172,3/28/17
3173,3/28/17
3174,3/28/17
3175,3/28/17
3176,3/28/17
3177,3/28/17
3178,3/28/17
3179,3/28/17
3180,3/28/17
3181,3/28/17
3182,3/28/17
3183,3/28/17
3184,3/28/17
3185,3/28/17
3186,3/28/17
3187,3/28/17
3188,3/28/17
3189,3/28/17
3190,3/28/17
3191,3/28/17
3192,3/28/17
3193,3/28/17
3194,3/28/17
3195,3/28/17
3196,3/28/17
3197,3/28/17
3198,3/28/17
3199,3/28/17
3200,3/28/17
3201,3/28/17
3202,3/28/17
3203,3/28/17
3204,3/28/17
3205,3/28/17
3206,3/28/17
3207,3/28/17
3208,3/28/17
3209,3/28/17
3210,3/28/17
3211,3/28/17
3212,3/28/17
3213,3/28/17
3214,3/28/17
3215,3/28/17
3216,3/28/17
3217,3/28/17
3218,3/28/17
3219,3/28/17
3220,3/28/17
3221,3/28/17
3222,3/28/17
3223,3/28/17
3224,3/28/17
3225,3/28/17
3226,3/28/17
3227,3/28/17
3228,3/28/17
3229,3/28/17
3230,3/28/17
3231,3/28/17
3232,3/28/17
3233,3/28/17
3234,3/28/17
3235,3/28/17
3236,3/28/17
3237,3/28/17
3238,3/28/17
3239,3/28/17
3240,3/28/17
3241,3/28/17
3242,3/28/17
3243,3/28/17
3244,3/28/17
3245,3/28/17
3246,3/28/17
3247,3/28/17
3248,3/28/17
3249,3/28/17
3250,3/28/17
3251,3/28/17
3252,3/28/17
3253,3/28/17
3254,3/28/17
3255,3/28/17
3256,3/28/17
3257,3/28/17
3258,3/28/17
3259,3/28/17
3260,3/28/17
3261,3/28/17
3262,3/28/17
3263,3/28/17
3264,3/28/17
3265,3/28/17
3266,3/28/17
3267,3/28/17
3268,3/28/17
3269,3/28/17
3270,3/28/17
3271,3/28/17
3272,3/28/17
3273,3/28/17
3274,3/28/17
3275,3/28/17
3276,3/28/17
3277,3/28/17
3278,3/28/17
3279,3/28/17
3280,3/28/17
3281,3/28/17
3282,3/28/17
3283,3/28/17
3284,3/28/17
3285,3/28/17
3286,3/28/17
3287,3/28/17
3288,3/28/17
3289,3/28/17
3290,3/28/17
3291,3/28/17
3292,3/28/17
3293,3/28/17
3294,3/28/17
3295,3/28/17
3296,3/28/17
3297,3/28/17
3298,3/28/17
3299,3/28/17
3300,3/28/17
3301,3/28/17
3302,3/28/17
3303,3/28/17
3304,3/28/17
3305,3/28/17
3306,3/28/17
3307,3/28/17
3308,3/28/17
3309,3/28/17
3310,3/28/17
3311,3/28/17
3312,3/28/17
3313,3/28/17
3314,3/28/17
3315,3/28/17
3316,3/28/17
3317,3/28/17
3318,3/28/17
3319,3/28/17
3320,3/28/17
3321,3/28/17
3322,3/28/17
3323,3/28/17
3324,3/28/17
3325,3/28/17
3326,3/28/17
3327,3/28/17
3328,3/28/17
3329,3/28/17
3330,3/28/17
3331,3/28/17
3332,3/28/17
3333,3/28/17
3334,3/28/17
3335,3/28/17
3336,3/28/17
3337,3/28/17
3338,3/28/17
3339,3/28/17
3340,3/28/17
3341,3/28/17
3342,3/28/17
3343,3/28/17
3344,3/28/17
3345,3/28/17
3346,3/28/17
3347,3/28/17
3348,3/28/17
3349,3/28/17
3350,3/28/17
3351,3/28/17
3352,3/28/17
3353,3/28/17
3354,3/28/17
3355,3/28/17
3356,3/28/17
3357,3/28/17
3358,3/28/17
3359,3/28/17
3360,3/28/17
3361,3/28/17
3362,3/28/17
3363,3/28/17
3364,3/28/17
3365,3/28/17
3366,3/28/17
3367,3/28/17
3368,3/28/17
3369,3/28/17
3370,3/28/17
3371,3/28/17
3372,3/28/17
3373,3/28/17
3374,3/28/17
3375,3/28/17
3376,3/28/17
3377,3/28/17
3378,3/28/17
3379,3/28/17
3380,3/28/17
3381,3/28/17
3382,3/28/17
3383,3/28/17
3384,3/28/17
3385,3/28/17
3386,3/28/17
3387,3/28/17
3388,3/28/17
3389,3/28/17
3390,3/28/17
3391,3/28/17
3392,3/28/17
3393,3/28/17
3394,3/28/17
3395,3/28/17
3396,3/28/17
3397,3/28/17
3398,3/28/17
3399,3/28/17
3400,3/28/17
3401,3/28/17
3402,3/28/17
3403,3/28/17
3404,3/28/17
3405,3/28/17
3406,3/28/17
3407,3/28/17
3408,3/28/17
3409,3/28/17
3410,3/28/17
3411,3/28/17
3412,3/28/17
3413,3/28/17
3414,3/28/17
3415,3/28/17
3416,3/28/17
3417,3/28/17
3418,3/28/17
3419,3/28/17
3420,3/28/17
3421,3/28/17
3422,3/28/17
3423,3/28/17
3424,3/28/17
3425,3/28/17
3426,3/28/17
3427,3/28/17
3428,3/28/17
3429,3/28/17
3430,3/28/17
3431,3/28/17
3432,3/28/17
3433,3/28/17
3434,3/28/17
3435,3/28/17
3436,3/28/17
3437,3/28/17
3438,3/28/17
3439,1/1/17
3440,1/1/17
3441,1/1/17
3442,3/28/17
3443,3/28/17
3444,3/28/17
3445,3/28/17
3446,3/28/17
3447,3/28/17
3448,3/28/17
3449,3/28/17
3450,3/28/17
3451,3/28/17
3452,3/28/17
3453,3/28/17
3454,3/28/17
3455,3/28/17
3456,3/28/17
3457,3/28/17
3458,3/28/17
3459,3/28/17
3460,3/28/17
3461,3/28/17
3462,3/28/17
3463,3/28/17
3464,3/28/17
3465,3/28/17
3466,3/28/17
3467,3/28/17
3468,3/28/17
3469,3/28/17
3470,3/28/17
3471,3/28/17
3472,3/28/17
3473,3/28/17
3474,3/28/17
3475,3/28/17
3476,3/28/17
3477,3/28/17
3478,3/28/17
3479,3/28/17
3480,3/28/17
3481,3/28/17
3482,3/28/17
3483,3/28/17
3484,3/28/17
3485,3/28/17
3486,3/28/17
3487,3/28/17
3488,3/28/17
3489,3/28/17
3490,3/28/17
3491,3/28/17
3492,3/28/17
3493,3/28/17
3494,3/28/17
3495,3/28/17
3496,3/28/17
3497,3/28/17
3498,3/28/17
3499,3/28/17
3500,3/28/17
3501,3/28/17
3502,3/28/17
3503,3/28/17
3504,3/28/17
3505,3/28/17
3506,3/28/17
3507,3/28/17
3508,3/28/17
3509,3/28/17
3510,3/28/17
3511,3/28/17
3512,3/28/17
3513,3/28/17
3514,3/28/17
3515,3/28/17
3516,3/28/17
3517,3/28/17
3518,3/28/17
3519,3/28/17
3520,3/28/17
3521,3/28/17
3522,3/28/17
3523,3/28/17
3524,3/28/17
3525,3/28/17
3526,3/28/17
3527,3/28/17
3528,3/28/17
3529,3/28/17
3530,3/28/17
3531,3/28/17
3532,3/28/17
3533,3/28/17
3534,3/28/17
3535,3/28/17
3536,3/28/17
3537,3/28/17
3538,3/28/17
3539,3/28/17
3540,3/28/17
3541,3/28/17
3542,3/28/17
3543,3/28/17
3544,3/28/17
3545,3/28/17
3546,3/28/17
3547,3/28/17
3548,3/28/17
3549,3/28/17
3550,3/28/17
3551,3/28/17
3552,3/28/17
3553,3/28/17
3554,3/28/17
3555,3/28/17
3556,3/28/17
3557,3/28/17
3558,3/28/17
3559,3/28/17
3560,3/28/17
3561,3/28/17
3562,3/28/17
3563,3/28/17
3564,3/28/17
3565,3/28/17
3566,3/28/17
3567,3/28/17
3568,3/28/17
3569,3/28/17
3570,3/28/17
3571,3/28/17
3572,3/28/17
3573,3/28/17
3574,3/28/17
3575,3/28/17
3576,3/28/17
3577,3/28/17
3578,3/28/17
3579,3/28/17
3580,3/28/17
3581,3/28/17
3582,3/28/17
3583,3/28/17
3584,3/28/17
3585,3/28/17
3586,3/28/17
3587,3/28/17
3588,3/28/17
3589,3/28/17
3590,3/28/17
3591,3/28/17
3592,3/28/17
3593,3/28/17
3594,3/28/17
3595,3/28/17
3596,3/28/17
3597,3/28/17
3598,3/28/17
3599,3/28/17
3600,3/28/17
3601,3/28/17
3602,3/28/17
3603,3/28/17
3604,3/28/17
3605,3/28/17
3606,3/28/17
3607,3/28/17
3608,3/28/17
3609,3/28/17
3610,3/28/17
3611,3/28/17
3612,3/28/17
3613,3/28/17
3614,3/28/17
3615,3/28/17
3616,3/28/17
3617,3/28/17
3618,3/28/17
3619,3/28/17
3620,3/28/17
3621,3/28/17
3622,3/28/17
3623,3/28/17
3624,3/28/17
3625,3/28/17
3626,3/28/17
3627,3/28/17
3628,3/28/17
3629,3/28/17
3630,3/28/17
3631,3/28/17
3632,3/28/17
3633,3/28/17
3634,3/28/17
3635,3/28/17
3636,3/28/17
3637,3/28/17
3638,3/28/17
3639,3/28/17
3640,3/28/17
3641,3/28/17
3642,3/28/17
3643,3/28/17
3644,3/28/17
3645,3/28/17
3646,3/28/17
3647,3/28/17
3648,3/28/17
3649,3/28/17
3650,3/28/17
3651,3/28/17
3652,3/28/17
3653,3/28/17
3654,3/28/17
3655,3/28/17
3656,3/28/17
3657,3/28/17
3658,3/28/17
3659,3/28/17
3660,3/28/17
3661,3/28/17
3662,3/28/17
3663,3/28/17
3664,3/28/17
3665,3/28/17
3666,3/28/17
3667,3/28/17
3668,3/28/17
3669,3/28/17
3670,3/28/17
3671,3/28/17
3672,3/28/17
3673,3/28/17
3674,3/28/17
3675,3/28/17
3676,3/28/17
3677,3/28/17
3678,3/28/17
3679,3/28/17
3680,3/28/17
3681,3/28/17
3682,3/28/17
3683,3/28/17
3684,3/28/17
3685,3/28/17
3686,3/28/17
3687,3/28/17
3688,3/28/17
3689,3/28/17
3690,3/28/17
3691,3/28/17
3692,3/28/17
3693,3/28/17
3694,3/28/17
3695,3/28/17
3696,3/28/17
3697,3/28/17
3698,3/28/17
3699,3/28/17
3700,3/28/17
3701,3/28/17
3702,3/28/17
3703,3/28/17
3704,3/28/17
3705,3/28/17
3706,3/28/17
3707,3/28/17
3708,3/28/17
3709,3/28/17
3710,3/28/17
3711,3/28/17
3712,3/28/17
3713,3/28/17
3714,3/28/17
3715,3/28/17
3716,3/28/17
3717,3/28/17
3718,3/28/17
3719,3/28/17
3720,3/28/17
3721,3/28/17
3722,3/28/17
3723,3/28/17
3724,3/28/17
3725,3/28/17
3726,3/28/17
3727,3/28/17
3728,3/28/17
3729,3/28/17
3730,3/28/17
3731,3/28/17
3732,3/28/17
3733,3/28/17
3734,3/28/17
3735,3/28/17
3736,3/28/17
3737,3/28/17
3738,3/28/17
3739,3/28/17
3740,3/28/17
3741,3/28/17
3742,3/28/17
3743,3/28/17
3744,3/28/17
3745,3/28/17
3746,3/28/17
3747,3/28/17
3748,3/28/17
3749,3/28/17
3750,3/28/17
3751,3/28/17
3752,3/28/17
3753,3/28/17
3754,3/28/17
3755,3/28/17
3756,3/28/17
3757,3/28/17
3758,3/28/17
3759,3/28/17
3760,3/28/17
3761,3/28/17
3762,3/28/17
3763,3/28/17
3764,3/28/17
3765,3/28/17
3766,3/28/17
3767,3/28/17
3768,3/28/17
3769,3/28/17
3770,3/28/17
3771,3/28/17
3772,3/28/17
3773,3/28/17
3774,3/28/17
3775,3/28/17
3776,3/28/17
3777,3/28/17
3778,3/28/17
3779,3/28/17
3780,3/28/17
3781,3/28/17
3782,3/28/17
3783,3/28/17
3784,3/28/17
3785,3/28/17
3786,3/28/17
3787,3/28/17
3788,3/28/17
3789,3/28/17
3790,3/28/17
3791,3/28/17
3792,3/28/17
3793,3/28/17
3794,3/28/17
3795,3/28/17
3796,3/28/17
3797,3/28/17
3798,3/28/17
3799,3/28/17
3800,3/28/17
3801,3/28/17
3802,3/28/17
3803,3/28/17
3804,3/28/17
3805,3/28/17
3806,3/28/17
3807,3/28/17
3808,3/28/17
3809,3/28/17
3810,3/28/17
3811,3/28/17
3812,3/28/17
3813,3/28/17
3814,3/28/17
3815,3/28/17
3816,3/28/17
3817,3/28/17
3818,3/28/17
3819,3/28/17
3820,3/28/17
3821,3/28/17
3822,3/28/17
3823,3/28/17
3824,3/28/17
3825,3/28/17
3826,3/28/17
3827,3/28/17
3828,3/28/17
3829,3/28/17
3830,3/28/17
3831,3/28/17
3832,3/28/17
3833,3/28/17
3834,3/28/17
3835,3/28/17
3836,3/28/17
3837,3/28/17
3838,3/28/17
3839,3/28/17
3840,3/28/17
3841,3/28/17
3842,3/28/17
3843,3/28/17
3844,3/28/17
3845,3/28/17
3846,3/28/17
3847,3/28/17
3848,3/28/17
3849,3/28/17
3850,3/28/17
3851,3/28/17
3852,3/28/17
3853,3/28/17
3854,3/28/17
3855,3/28/17
3856,3/28/17
3857,3/28/17
3858,3/28/17
3859,3/28/17
3860,3/28/17
3861,3/28/17
3862,3/28/17
3863,3/28/17
3864,3/28/17
3865,3/28/17
3866,3/28/17
3867,3/28/17
3868,3/28/17
3869,3/28/17
3870,3/28/17
3871,3/28/17
3872,3/28/17
3873,3/28/17
3874,3/28/17
3875,3/28/17
3876,3/28/17
3877,3/28/17
3878,3/28/17
3879,3/28/17
3880,3/28/17
3881,3/28/17
3882,3/28/17
3883,3/28/17
3884,3/28/17
3885,3/28/17
3886,3/28/17
3887,3/28/17
3888,3/28/17
3889,3/28/17
3890,3/28/17
3891,3/28/17
3892,3/28/17
3893,3/28/17
3894,3/28/17
3895,3/28/17
3896,3/28/17
3897,3/28/17
3898,3/28/17
3899,3/28/17
3900,3/28/17
3901,3/28/17
3902,3/28/17
3903,3/28/17
3904,3/28/17
3905,3/28/17
3906,3/28/17
3907,3/28/17
3908,3/28/17
3909,3/28/17
3910,3/28/17
3911,3/28/17
3912,3/28/17
3913,3/28/17
3914,3/28/17
3915,3/28/17
3916,3/28/17
3917,3/28/17
3918,3/28/17
3919,3/28/17
3920,3/28/17
3921,3/28/17
3922,3/28/17
3923,3/28/17
3924,3/28/17
3925,3/28/17
3926,3/28/17
3927,3/28/17
3928,3/28/17
3929,3/28/17
3930,3/28/17
3931,3/28/17
3932,3/28/17
3933,3/28/17
3934,3/28/17
3935,3/28/17
3936,3/28/17
3937,3/28/17
3938,3/28/17
3939,3/28/17
3940,3/28/17
3941,3/28/17
3942,3/28/17
3943,3/28/17
3944,3/28/17
3945,3/28/17
3946,3/28/17
3947,3/28/17
3948,3/28/17
3949,3/28/17
3950,3/28/17
3951,3/28/17
3952,3/28/17
3953,3/28/17
3954,3/28/17
3955,3/28/17
3956,3/28/17
3957,3/28/17
3958,3/28/17
3959,3/28/17
3960,3/28/17
3961,3/28/17
3962,3/28/17
3963,3/28/17
3964,3/28/17
3965,3/28/17
3966,3/28/17
3967,3/28/17
3968,3/28/17
3969,3/28/17
3970,3/28/17
3971,3/28/17
3972,3/28/17
3973,3/28/17
3974,3/28/17
3975,3/28/17
3976,3/28/17
3977,3/28/17
3978,3/28/17
3979,3/28/17
3980,3/28/17
3981,3/28/17
3982,3/28/17
3983,3/28/17
3984,3/28/17
3985,3/28/17
3986,3/28/17
3987,3/28/17
3988,3/28/17
3989,3/28/17
3990,3/28/17
3991,3/28/17
3992,3/28/17
3993,3/28/17
3994,3/28/17
3995,3/28/17
3996,3/28/17
3997,3/28/17
3998,3/28/17
3999,3/28/17
4000,3/28/17
4001,3/28/17
4002,3/28/17
4003,3/28/17
4004,3/28/17
4005,3/28/17
4006,3/28/17
4007,3/28/17
4008,3/28/17
4009,3/28/17
4010,3/28/17
4011,3/28/17
4012,3/28/17
4013,3/28/17
4014,3/28/17
4015,3/28/17
4016,3/28/17
4017,3/28/17
4018,3/28/17
4019,3/28/17
4020,3/28/17
4021,3/28/17
4022,3/28/17
4023,3/28/17
4024,3/28/17
4025,3/28/17
4026,3/28/17
4027,3/28/17
4028,3/28/17
4029,3/28/17
4030,3/28/17
4031,3/28/17
4032,3/28/17
4033,3/28/17
4034,3/28/17
4035,3/28/17
4036,3/28/17
4037,3/28/17
4038,3/28/17
4039,3/28/17
4040,3/28/17
4041,3/28/17
4042,3/28/17
4043,3/28/17
4044,3/28/17
4045,3/28/17
4046,3/28/17
4047,3/28/17
4048,3/28/17
4049,3/28/17
4050,3/28/17
4051,3/28/17
4053,3/28/17
4054,3/28/17
4055,3/28/17
4056,3/28/17
4057,3/28/17
4058,3/28/17
4059,3/28/17
4060,3/28/17
4061,3/28/17
4062,3/28/17
4063,3/28/17
4064,3/28/17
4065,3/28/17
4066,3/28/17
4067,3/28/17
4068,3/28/17
4069,3/28/17
4070,3/28/17
4071,3/28/17
4072,3/28/17
4073,3/28/17
4074,3/28/17
4075,3/28/17
4076,3/28/17
4077,3/28/17
4078,3/28/17
4079,3/28/17
4080,3/28/17
4081,3/28/17
4082,3/28/17
4083,3/28/17
4084,3/28/17
4085,3/28/17
4086,3/28/17
4087,3/28/17
4088,3/28/17
4089,3/28/17
4090,3/28/17
4091,3/28/17
4092,3/28/17
4093,3/28/17
4094,3/28/17
4095,3/28/17
4096,3/28/17
4097,3/28/17
4098,3/28/17
4099,3/28/17
4100,3/28/17
4101,3/28/17
4102,3/28/17
4103,3/28/17
4104,3/28/17
4105,3/28/17
4106,3/28/17
4107,3/28/17
4108,3/28/17
4109,3/28/17
4110,3/28/17
4111,3/28/17
4112,3/28/17
4113,3/28/17
4114,3/28/17
4115,3/28/17
4116,3/28/17
4117,3/28/17
4118,3/28/17
4119,3/28/17
4120,3/28/17
4121,3/28/17
4122,3/28/17
4123,3/28/17
4124,3/28/17
4125,3/28/17
4126,3/28/17
4127,3/28/17
4128,3/28/17
4129,3/28/17
4130,3/28/17
4131,3/28/17
4132,3/28/17
4133,3/28/17
4134,3/28/17
4135,3/28/17
4136,3/28/17
4137,3/28/17
4138,3/28/17
4139,3/28/17
4140,3/28/17
4141,3/28/17
4142,3/28/17
4143,3/28/17
4144,3/28/17
4145,3/28/17
4146,3/28/17
4147,3/28/17
4148,3/28/17
4149,3/28/17
4150,3/28/17
4151,3/28/17
4152,3/28/17
4153,3/28/17
4154,3/28/17
4155,3/28/17
4156,3/28/17
4157,3/28/17
4158,3/28/17
4159,3/28/17
4160,3/28/17
4161,3/28/17
4162,3/28/17
4163,3/28/17
4164,3/28/17
4165,3/28/17
4166,3/28/17
4167,3/28/17
4168,3/28/17
4169,3/28/17
4170,3/28/17
4171,3/28/17
4172,3/28/17
4173,3/28/17
4174,3/28/17
4175,3/28/17
4176,3/28/17
4177,3/28/17
4178,3/28/17
4179,3/28/17
4180,3/28/17
4181,3/28/17
4182,3/28/17
4183,3/28/17
4184,3/28/17
4185,3/28/17
4186,3/28/17
4187,3/28/17
4188,3/28/17
4189,3/28/17
4190,3/28/17
4191,3/28/17
4192,3/28/17
4193,3/28/17
4194,3/28/17
4195,3/28/17
4196,3/28/17
4197,3/28/17
4198,3/28/17
4199,3/28/17
4200,3/28/17
4201,3/28/17
4202,3/28/17
4203,3/28/17
4204,3/28/17
4205,3/28/17
4206,3/28/17
4207,3/28/17
4208,3/28/17
4209,3/28/17
4210,3/28/17
4211,3/28/17
4212,3/28/17
4213,3/28/17
4214,3/28/17
4215,3/28/17
4216,3/28/17
4217,3/28/17
4218,3/28/17
4219,3/28/17
4220,3/28/17
4221,3/28/17
4222,3/28/17
4223,3/28/17
4224,3/28/17
4225,3/28/17
4226,3/28/17
4227,3/28/17
4228,3/28/17
4229,3/28/17
4230,3/28/17
4231,3/28/17
4232,3/28/17
4233,3/28/17
4234,3/28/17
4235,3/28/17
4236,3/28/17
4237,3/28/17
4238,3/28/17
4239,3/28/17
4240,3/28/17
4241,3/28/17
4242,3/28/17
4243,3/28/17
4244,3/28/17
4245,3/28/17
4246,3/28/17
4247,3/28/17
4248,3/28/17
4249,3/28/17
4250,3/28/17
4251,3/28/17
4252,3/28/17
4253,3/28/17
4254,3/28/17
4255,3/28/17
4256,3/28/17
4257,3/28/17
4258,3/28/17
4259,3/28/17
4260,3/28/17
4261,3/28/17
4262,3/28/17
4263,3/28/17
4264,3/28/17
4265,3/28/17
4266,3/28/17
4267,3/28/17
4268,3/28/17
4269,3/28/17
4270,3/28/17
4271,3/28/17
4272,3/28/17
4273,3/28/17
4274,3/28/17
4275,3/28/17
4276,3/28/17
4277,3/28/17
4278,3/28/17
4279,3/28/17
4280,3/28/17
4281,3/28/17
4282,3/28/17
4283,3/28/17
4284,3/28/17
4285,3/28/17
4286,3/28/17
4287,3/28/17
4288,3/28/17
4289,3/28/17
4290,3/28/17
4291,3/28/17
4292,3/28/17
4293,3/28/17
4294,3/28/17
4295,3/28/17
4296,3/28/17
4297,3/28/17
4298,3/28/17
4299,3/28/17
4300,3/28/17
4301,3/28/17
4302,3/28/17
4303,3/28/17
4304,3/28/17
4305,3/28/17
4306,3/28/17
4307,3/28/17
4308,3/28/17
4309,3/28/17
4310,3/28/17
4311,3/28/17
4312,3/28/17
4313,3/28/17
4314,3/28/17
4315,3/28/17
4316,3/28/17
4317,3/28/17
4318,3/28/17
4319,3/28/17
4320,3/28/17
4321,3/28/17
4322,3/28/17
4323,3/28/17
4324,3/28/17
4325,3/28/17
4326,3/28/17
4327,3/28/17
4328,3/28/17
4329,3/28/17
4330,3/28/17
4331,3/28/17
4332,3/28/17
4333,3/28/17
4334,3/28/17
4335,3/28/17
4336,3/28/17
4337,3/28/17
4338,3/28/17
4339,3/28/17
4340,3/28/17
4341,3/28/17
4342,3/28/17
4343,3/28/17
4344,3/28/17
4345,3/28/17
4346,3/28/17
4347,3/28/17
4348,3/28/17
4349,3/28/17
4350,3/28/17
4351,3/28/17
4352,3/28/17
4353,3/28/17
4354,3/28/17
4355,3/28/17
4356,3/28/17
4357,3/28/17
4358,3/28/17
4359,3/28/17
4360,3/28/17
4361,3/28/17
4362,3/28/17
4363,3/28/17
4364,3/28/17
4365,3/28/17
4366,3/28/17
4367,3/28/17
4368,3/28/17
4369,3/28/17
4370,3/28/17
4371,3/28/17
4372,3/28/17
4373,3/28/17
4374,3/28/17
4375,3/28/17
4376,3/28/17
4377,3/28/17
4378,3/28/17
4379,3/28/17
4380,3/28/17
4381,3/28/17
4382,3/28/17
4383,3/28/17
4384,3/28/17
4385,3/28/17
4386,3/28/17
4387,3/28/17
4388,3/28/17
4389,3/28/17
4390,3/28/17
4391,3/28/17
4392,3/28/17
4393,3/28/17
4394,3/28/17
4395,3/28/17
4396,3/28/17
4397,3/28/17
4398,3/28/17
4399,3/28/17
4400,3/28/17
4401,3/28/17
4402,3/28/17
4403,3/28/17
4404,3/28/17
4405,3/28/17
4406,3/28/17
4407,3/28/17
4408,3/28/17
4409,3/28/17
4410,3/28/17
4411,3/28/17
4412,3/28/17
4413,3/28/17
4414,3/28/17
4415,3/28/17
4416,3/28/17
4417,3/28/17
4418,3/28/17
4419,3/28/17
4420,3/28/17
4421,3/28/17
4422,3/28/17
4423,3/28/17
4424,3/28/17
4425,3/28/17
4426,3/28/17
4427,3/28/17
4428,3/28/17
4429,3/28/17
4430,3/28/17
4431,3/28/17
4432,3/28/17
4433,3/28/17
4434,3/28/17
4435,3/28/17
4436,3/28/17
4437,3/28/17
4438,3/28/17
4439,3/28/17
4440,3/28/17
4441,3/28/17
4442,3/28/17
4443,3/28/17
4444,3/28/17
4445,3/28/17
4446,3/28/17
4447,3/28/17
4448,3/28/17
4449,3/28/17
4450,3/28/17
4451,3/28/17
4452,3/28/17
4453,3/28/17
4454,3/28/17
4455,3/28/17
4456,3/28/17
4457,3/28/17
4458,3/28/17
4459,3/28/17
4460,3/28/17
4461,3/28/17
4462,3/28/17
4463,3/28/17
4464,3/28/17
4465,3/28/17
4466,3/28/17
4467,3/28/17
4468,3/28/17
4469,3/28/17
4470,3/28/17
4471,3/28/17
4472,3/28/17
4473,3/28/17
4474,3/28/17
4475,3/28/17
4476,3/28/17
4477,3/28/17
4478,3/28/17
4479,3/28/17
4480,3/28/17
4481,3/28/17
4482,3/28/17
4483,3/28/17
4484,3/28/17
4485,3/28/17
4486,3/28/17
4487,3/28/17
4488,3/28/17
4489,3/28/17
4490,3/28/17
4491,3/28/17
4492,3/28/17
4493,3/28/17
4494,3/28/17
4495,3/28/17
4496,3/28/17
4497,3/28/17
4498,3/28/17
4499,3/28/17
4500,3/28/17
4501,3/28/17
4502,3/28/17
4503,3/28/17
4504,3/28/17
4505,3/28/17
4506,3/28/17
4507,3/28/17
4508,3/28/17
4509,3/28/17
4510,3/28/17
4511,3/28/17
4512,3/28/17
4513,3/28/17
4514,3/28/17
4515,3/28/17
4516,3/28/17
4517,3/28/17
4518,3/28/17
4519,3/28/17
4520,3/28/17
4521,3/28/17
4522,3/28/17
4523,3/28/17
4524,3/28/17
4525,3/28/17
4526,3/28/17
4527,3/28/17
4528,3/28/17
4529,3/28/17
4530,3/28/17
4531,3/28/17
4532,3/28/17
4533,3/28/17
4534,3/28/17
4535,3/28/17
4536,3/28/17
4537,3/28/17
4538,3/28/17
4539,3/28/17
4540,3/28/17
4541,3/28/17
4542,3/28/17
4543,3/28/17
4544,3/28/17
4545,3/28/17
4546,3/28/17
4547,3/28/17
4548,3/28/17
4549,3/28/17
4550,3/28/17
4551,3/28/17
4552,3/28/17
4553,3/28/17
4554,3/28/17
4555,3/28/17
4556,3/28/17
4557,3/28/17
4558,3/28/17
4559,3/28/17
4560,3/28/17
4561,3/28/17
4562,3/28/17
4563,3/28/17
4564,3/28/17
4565,3/28/17
4566,3/28/17
4567,3/28/17
4568,3/28/17
4569,3/28/17
4570,3/28/17
4571,3/28/17
4572,3/28/17
4573,3/28/17
4574,3/28/17
4575,3/28/17
4576,3/28/17
4577,3/28/17
4578,3/28/17
4579,3/28/17
4580,3/28/17
4581,3/28/17
4582,3/28/17
4583,3/28/17
4584,3/28/17
4585,3/28/17
4586,3/28/17
4587,3/28/17
4588,3/28/17
4589,3/28/17
4590,3/28/17
4591,3/28/17
4592,3/28/17
4593,3/28/17
4594,3/28/17
4595,3/28/17
4596,3/28/17
4597,3/28/17
4598,3/28/17
4599,3/28/17
4600,3/28/17
4601,3/28/17
4602,3/28/17
4603,3/28/17
4604,3/28/17
4605,3/28/17
4606,3/28/17
4607,3/28/17
4608,3/28/17
4609,3/28/17
4610,3/28/17
4611,3/28/17
4612,3/28/17
4613,3/28/17
4614,3/28/17
4615,3/28/17
4616,3/28/17
4617,3/28/17
4618,3/28/17
4619,3/28/17
4620,3/28/17
4621,3/28/17
4622,3/28/17
4623,3/28/17
4624,3/28/17
4625,3/28/17
4626,3/28/17
4627,3/28/17
4628,3/28/17
4629,3/28/17
4630,3/28/17
4631,3/28/17
4632,3/28/17
4633,3/28/17
4634,3/28/17
4635,3/28/17
4636,3/28/17
4637,3/28/17
4638,3/28/17
4639,3/28/17
4640,3/28/17
4641,3/28/17
4642,3/28/17
4643,3/28/17
4644,3/28/17
4645,3/28/17
4646,3/28/17
4647,3/28/17
4648,3/28/17
4649,3/28/17
4650,3/28/17
4651,3/28/17
4652,3/28/17
4653,3/28/17
4654,3/28/17
4655,3/28/17
4656,3/28/17
4657,3/28/17
4658,3/28/17
4659,3/28/17
4660,3/28/17
4662,3/28/17
4663,3/28/17
4664,3/28/17
4665,3/28/17
4666,3/28/17
4667,3/28/17
4668,3/28/17
4669,3/28/17
4670,3/28/17
4671,3/28/17
4672,3/28/17
4673,3/28/17
4674,3/28/17
4675,3/28/17
4676,3/28/17
4677,3/28/17
4678,3/28/17
4679,3/28/17
4680,3/28/17
4681,3/28/17
4682,3/28/17
4683,3/28/17
4684,3/28/17
4685,3/28/17
4686,3/28/17
4687,3/28/17
4688,3/28/17
4689,3/28/17
4690,3/28/17
4691,3/28/17
4692,3/28/17
4693,3/28/17
4694,3/28/17
4695,3/28/17
4696,3/28/17
4697,3/28/17
4698,3/28/17
4699,3/28/17
4700,3/28/17
4701,3/28/17
4702,3/28/17
4703,3/28/17
4704,3/28/17
4705,3/28/17
4706,3/28/17
4707,3/28/17
4708,3/28/17
4709,3/28/17
4710,3/28/17
4711,3/28/17
4712,3/28/17
4713,3/28/17
4714,3/28/17
4715,3/28/17
4716,3/28/17
4717,3/28/17
4718,3/28/17
4719,3/28/17
4720,3/28/17
4721,3/28/17
4722,3/28/17
4723,3/28/17
4724,3/28/17
4725,3/28/17
4726,3/28/17
4727,3/28/17
4728,3/28/17
4729,3/28/17
4730,3/28/17
4731,3/28/17
4732,3/28/17
4733,3/28/17
4734,3/28/17
4735,3/28/17
4736,3/28/17
4737,3/28/17
4738,3/28/17
4739,3/28/17
4740,3/28/17
4741,3/28/17
4742,3/28/17
4743,3/28/17
4744,3/28/17
4745,3/28/17
4746,3/28/17
4747,3/28/17
4748,3/28/17
4749,3/28/17
4750,3/28/17
4751,3/28/17
4752,3/28/17
4753,3/28/17
4754,3/28/17
4755,3/28/17
4756,3/28/17
4757,3/28/17
4758,3/28/17
4759,3/28/17
4760,3/28/17
4761,3/28/17
4762,3/28/17
4763,3/28/17
4764,3/28/17
4765,3/28/17
4766,3/28/17
4767,3/28/17
4768,3/28/17
4769,3/28/17
4770,3/28/17
4771,3/28/17
4772,3/28/17
4773,3/28/17
4774,3/28/17
4775,3/28/17
4776,3/28/17
4777,3/28/17
4778,3/28/17
4779,3/28/17
4780,3/28/17
4781,3/28/17
4782,3/28/17
4783,3/28/17
4784,3/28/17
4785,3/28/17
4786,3/28/17
4787,3/28/17
4788,3/28/17
4789,3/28/17
4790,3/28/17
4791,3/28/17
4792,3/28/17
4793,3/28/17
4794,3/28/17
4795,3/28/17
4796,3/28/17
4797,3/28/17
4798,3/28/17
4799,3/28/17
4800,3/28/17
4801,3/28/17
4802,3/28/17
4803,3/28/17
4804,3/28/17
4805,3/28/17
4806,3/28/17
4807,3/28/17
4808,3/28/17
4809,3/28/17
4810,3/28/17
4811,3/28/17
4812,3/28/17
4813,3/28/17
4814,3/28/17
4815,3/28/17
4816,3/28/17
4817,3/28/17
4818,3/28/17
4819,3/28/17
4820,3/28/17
4821,3/28/17
4822,3/28/17
4823,3/28/17
4824,3/28/17
4825,3/28/17
4826,3/28/17
4827,3/28/17
4828,3/28/17
4829,3/28/17
4830,3/28/17
4831,3/28/17
4832,3/28/17
4833,3/28/17
4834,3/28/17
4835,3/28/17
4836,3/28/17
4837,3/28/17
4838,3/28/17
4839,3/28/17
4840,3/28/17
4841,3/28/17
4842,3/28/17
4843,3/28/17
4844,3/28/17
4845,3/28/17
4846,3/28/17
4847,3/28/17
4848,3/28/17
4849,3/28/17
4850,3/28/17
4851,3/28/17
4852,3/28/17
4853,3/28/17
4854,3/28/17
4855,3/28/17
4856,3/28/17
4857,3/28/17
4858,3/28/17
4859,3/28/17
4860,3/28/17
4861,3/28/17
4862,3/28/17
4863,3/28/17
4864,3/28/17
4865,3/28/17
4866,3/28/17
4867,3/28/17
4868,3/28/17
4869,3/28/17
4870,3/28/17
4871,3/28/17
4872,3/28/17
4873,3/28/17
4874,3/28/17
4875,3/28/17
4876,3/28/17
4877,3/28/17
4878,3/28/17
4879,3/28/17
4880,3/28/17
4881,3/28/17
4882,3/28/17
4883,3/28/17
4884,3/28/17
4885,3/28/17
4886,3/28/17
4887,3/28/17
4888,3/28/17
4889,3/28/17
4890,3/28/17
4891,3/28/17
4892,3/28/17
4893,3/28/17
4894,3/28/17
4895,3/28/17
4896,3/28/17
4897,3/28/17
4898,3/28/17
4899,3/28/17
4900,3/28/17
4901,3/28/17
4902,3/28/17
4903,3/28/17
4904,3/28/17
4905,3/28/17
4906,3/28/17
4907,3/28/17
4908,3/28/17
4909,3/28/17
4910,3/28/17
4911,3/28/17
4912,3/28/17
4913,3/28/17
4914,3/28/17
4915,3/28/17
4916,3/28/17
4917,3/28/17
4918,3/28/17
4919,3/28/17
4920,3/28/17
4921,3/28/17
4922,3/28/17
4923,3/28/17
4924,3/28/17
4925,3/28/17
4926,3/28/17
4927,3/28/17
4928,3/28/17
4929,3/28/17
4930,3/28/17
4931,3/28/17
4932,3/28/17
4933,3/28/17
4934,3/28/17
4935,3/28/17
4936,3/28/17
4937,3/28/17
4938,3/28/17
4939,3/28/17
4940,3/28/17
4941,3/28/17
4942,3/28/17
4943,3/28/17
4944,3/28/17
4945,3/28/17
4946,3/28/17
4947,3/28/17
4948,3/28/17
4949,3/28/17
4950,3/28/17
4951,3/28/17
4952,3/28/17
4953,3/28/17
4954,3/28/17
4955,3/28/17
4956,3/28/17
4957,3/28/17
4958,3/28/17
4959,3/28/17
4960,3/28/17
4961,3/28/17
4962,3/28/17
4963,3/28/17
4964,3/28/17
4965,3/28/17
4966,3/28/17
4967,3/28/17
4968,3/28/17
4969,3/28/17
4970,3/28/17
4971,3/28/17
4972,3/28/17
4973,3/28/17
4974,3/28/17
4975,3/28/17
4976,3/28/17
4977,3/28/17
4978,3/28/17
4979,3/28/17
4980,3/28/17
4981,3/28/17
4982,3/28/17
4983,3/28/17
4984,3/28/17
4985,3/28/17
4986,3/28/17
4987,3/28/17
4988,3/28/17
4989,3/28/17
4990,3/28/17
4991,3/28/17
4992,3/28/17
4993,3/28/17
4994,3/28/17
4995,3/28/17
4996,3/28/17
4997,3/28/17
4998,3/28/17
4999,3/28/17
5000,3/28/17
5001,3/28/17
5002,3/28/17
5003,3/28/17
5004,3/28/17
5005,3/28/17
5006,3/28/17
5007,3/28/17
5008,3/28/17
5009,3/28/17
5010,3/28/17
5011,3/28/17
5012,3/28/17
5013,3/28/17
5014,3/28/17
5015,3/28/17
5016,3/28/17
5017,3/28/17
5018,3/28/17
5019,3/28/17
5020,3/28/17
5021,3/28/17
5022,3/28/17
5023,3/28/17
5024,3/28/17
5025,3/28/17
5026,3/28/17
5027,3/28/17
5028,3/28/17
5029,3/28/17
5030,3/28/17
5031,3/28/17
5032,3/28/17
5033,3/28/17
5034,3/28/17
5035,3/28/17
5036,3/28/17
5037,3/28/17
5038,3/28/17
5039,3/28/17
5040,3/28/17
5041,3/28/17
5042,3/28/17
5044,3/28/17
5045,3/28/17
5046,3/28/17
5047,3/28/17
5048,3/28/17
5049,3/28/17
5050,3/28/17
5051,3/28/17
5052,3/28/17
5053,3/28/17
5054,3/28/17
5055,3/28/17
5056,3/28/17
5057,3/28/17
5058,3/28/17
5059,3/28/17
5060,3/28/17
5061,3/28/17
5062,3/28/17
5063,3/28/17
5064,3/28/17
5065,3/28/17
5066,3/28/17
5067,3/28/17
5068,3/28/17
5069,3/28/17
5070,3/28/17
5071,3/28/17
5072,3/28/17
5073,3/28/17
5074,3/28/17
5075,3/28/17
5076,3/28/17
5077,3/28/17
5078,3/28/17
5079,3/28/17
5080,3/28/17
5081,3/28/17
5082,3/28/17
5083,3/28/17
5084,3/28/17
5085,3/28/17
5086,3/28/17
5087,3/28/17
5088,3/28/17
5089,3/28/17
5090,3/28/17
5091,3/28/17
5092,3/28/17
5093,3/28/17
5094,3/28/17
5095,3/28/17
5096,3/28/17
5097,3/28/17
5098,3/28/17
5099,3/28/17
5100,3/28/17
5101,3/28/17
5102,3/28/17
5103,3/28/17
5104,3/28/17
5105,3/28/17
5106,3/28/17
5107,3/28/17
5108,3/28/17
5109,3/28/17
5110,3/28/17
5111,3/28/17
5112,3/28/17
5113,3/28/17
5114,3/28/17
5115,3/28/17
5116,3/28/17
5117,3/28/17
5118,3/28/17
5119,3/28/17
5120,3/28/17
5121,3/28/17
5122,3/28/17
5123,3/28/17
5124,3/28/17
5125,3/28/17
5126,3/28/17
5127,3/28/17
5128,3/28/17
5129,3/28/17
5130,3/28/17
5131,3/28/17
5132,3/28/17
5133,3/28/17
5134,3/28/17
5135,3/28/17
5136,3/28/17
5137,3/28/17
5138,3/28/17
5139,3/28/17
5140,3/28/17
5141,3/28/17
5142,3/28/17
5143,3/28/17
5144,3/28/17
5145,3/28/17
5146,3/28/17
5147,3/28/17
5148,3/28/17
5149,3/28/17
5150,3/28/17
5151,3/28/17
5152,3/28/17
5153,3/28/17
5154,3/28/17
5155,3/28/17
5156,3/28/17
5157,3/28/17
5158,3/28/17
5159,3/28/17
5160,3/28/17
5161,3/28/17
5162,3/28/17
5163,3/28/17
5164,3/28/17
5165,3/28/17
5166,3/28/17
5167,3/28/17
5168,3/28/17
5169,3/28/17
5170,3/28/17
5171,3/28/17
5172,3/28/17
5173,3/28/17
5174,3/28/17
5175,3/28/17
5176,3/28/17
5177,3/28/17
5178,3/28/17
5179,3/28/17
5180,3/28/17
5181,3/28/17
5182,3/28/17
5183,3/28/17
5184,3/28/17
5185,3/28/17
5186,3/28/17
5187,3/28/17
5188,3/28/17
5189,3/28/17
5190,3/28/17
5191,3/28/17
5192,3/28/17
5193,3/28/17
5194,3/28/17
5195,3/28/17
5196,3/28/17
5197,3/28/17
5198,3/28/17
5199,3/28/17
5200,3/28/17
5201,3/28/17
5202,3/28/17
5203,3/28/17
5204,3/28/17
5205,3/28/17
5206,3/28/17
5207,3/28/17
5208,3/28/17
5209,3/28/17
5210,3/28/17
5211,3/28/17
5212,3/28/17
5213,3/28/17
5214,3/28/17
5215,3/28/17
5216,3/28/17
5217,3/28/17
5218,3/28/17
5219,3/28/17
5220,3/28/17
5221,3/28/17
5222,3/28/17
5223,3/28/17
5224,3/28/17
5225,3/28/17
5226,3/28/17
5227,3/28/17
5228,3/28/17
5229,3/28/17
5230,3/28/17
5231,3/28/17
5232,3/28/17
5233,3/28/17
5234,3/28/17
5235,3/28/17
5236,3/28/17
5237,3/28/17
5238,3/28/17
5239,3/28/17
5240,3/28/17
5241,3/28/17
5242,3/28/17
5243,3/28/17
5244,3/28/17
5245,3/28/17
5246,3/28/17
5247,3/28/17
5248,3/28/17
5249,3/28/17
5250,3/28/17
5251,3/28/17
5252,3/28/17
5253,3/28/17
5254,3/28/17
5255,3/28/17
5256,3/28/17
5257,3/28/17
5258,3/28/17
5259,3/28/17
5260,3/28/17
5261,3/28/17
5262,3/28/17
5263,3/28/17
5264,3/28/17
5265,3/28/17
5266,3/28/17
5267,3/28/17
5268,3/28/17
5269,3/28/17
5270,3/28/17
5271,3/28/17
5272,3/28/17
5273,3/28/17
5274,3/28/17
5275,3/28/17
5276,3/28/17
5277,3/28/17
5278,3/28/17
5279,3/28/17
5280,3/28/17
5281,3/28/17
5282,3/28/17
5283,3/28/17
5284,3/28/17
5285,3/28/17
5286,3/28/17
5287,3/28/17
5288,3/28/17
5289,3/28/17
5290,3/28/17
5291,3/28/17
5292,3/28/17
5293,3/28/17
5294,3/28/17
5295,3/28/17
5296,3/28/17
5297,3/28/17
5298,3/28/17
5299,3/28/17
5300,3/28/17
5301,3/28/17
5302,3/28/17
5303,3/28/17
5304,3/28/17
5305,3/28/17
5306,3/28/17
5307,3/28/17
5308,3/28/17
5309,3/28/17
5310,3/28/17
5311,3/28/17
5312,3/28/17
5313,3/28/17
5314,3/28/17
5315,3/28/17
5316,3/28/17
5317,3/28/17
5318,3/28/17
5319,3/28/17
5320,3/28/17
5321,3/28/17
5322,3/28/17
5323,3/28/17
5324,3/28/17
5325,3/28/17
5326,3/28/17
5327,3/28/17
5328,3/28/17
5329,3/28/17
5330,3/28/17
5331,3/28/17
5332,3/28/17
5333,3/28/17
5334,3/28/17
5335,3/28/17
5336,3/28/17
5337,3/28/17
5338,3/28/17
5339,3/28/17
5340,3/28/17
5341,3/28/17
5342,3/28/17
5343,3/28/17
5344,3/28/17
5345,3/28/17
5346,3/28/17
5347,3/28/17
5348,3/28/17
5349,3/28/17
5350,3/28/17
5351,3/28/17
5352,3/28/17
5353,3/28/17
5354,3/28/17
5355,3/28/17
5356,3/28/17
5357,3/28/17
5358,3/28/17
5359,3/28/17
5360,3/28/17
5361,3/28/17
5362,3/28/17
5363,3/28/17
5364,3/28/17
5365,3/28/17
5366,3/28/17
5367,3/28/17
5368,3/28/17
5369,3/28/17
5370,3/28/17
5371,3/28/17
5372,3/28/17
5373,3/28/17
5374,3/28/17
5375,3/28/17
5376,3/28/17
5377,3/28/17
5378,3/28/17
5379,3/28/17
5380,3/28/17
5381,3/28/17
5382,3/28/17
5383,3/28/17
5384,3/28/17
5385,3/28/17
5386,3/28/17
5387,3/28/17
5388,3/28/17
5389,3/28/17
5390,3/28/17
5391,3/28/17
5392,3/28/17
5393,3/28/17
5394,3/28/17
5395,3/28/17
5396,3/28/17
5397,3/28/17
5398,3/28/17
5399,3/28/17
5400,3/28/17
5401,3/28/17
5402,3/28/17
5403,3/28/17
5404,3/28/17
5405,3/28/17
5406,3/28/17
5407,3/28/17
5408,3/28/17
5409,3/28/17
5410,3/28/17
5411,3/28/17
5412,3/28/17
5413,3/28/17
5414,3/28/17
5415,3/28/17
5416,3/28/17
5417,3/28/17
5418,3/28/17
5419,3/28/17
5420,3/28/17
5421,3/28/17
5422,3/28/17
5423,3/28/17
5424,3/28/17
5425,3/28/17
5426,3/28/17
5427,3/28/17
5428,3/28/17
5429,3/28/17
5430,3/28/17
5431,3/28/17
5432,3/28/17
5433,3/28/17
5434,3/28/17
5435,3/28/17
5436,3/28/17
5437,3/28/17
5438,3/28/17
5439,3/28/17
5440,3/28/17
5441,3/28/17
5442,3/28/17
5443,3/28/17
5444,3/28/17
5445,3/28/17
5446,3/28/17
5447,3/28/17
5448,3/28/17
5449,3/28/17
5450,3/28/17
5451,3/28/17
5452,3/28/17
5453,3/28/17
5454,3/28/17
5455,3/28/17
5456,3/28/17
5457,3/28/17
5458,3/28/17
5460,3/28/17
5461,3/28/17
5462,3/28/17
5463,3/28/17
5464,3/28/17
5465,3/28/17
5466,3/28/17
5467,3/28/17
5468,3/28/17
5469,3/28/17
5470,3/28/17
5471,3/28/17
5472,3/28/17
5473,3/28/17
5474,3/28/17
5475,3/28/17
5476,3/28/17
5477,3/28/17
5478,3/28/17
5479,3/28/17
5480,3/28/17
5481,3/28/17
5482,3/28/17
5483,3/28/17
5484,3/28/17
5485,3/28/17
5486,3/28/17
5487,3/28/17
5488,3/28/17
5489,3/28/17
5490,3/28/17
5491,3/28/17
5492,3/28/17
5493,3/28/17
5494,3/28/17
5495,3/28/17
5496,3/28/17
5497,3/28/17
5498,3/28/17
5499,3/28/17
5500,3/28/17
5501,3/28/17
5502,3/28/17
5503,3/28/17
5504,3/28/17
5505,3/28/17
5506,3/28/17
5507,3/28/17
5508,3/28/17
5509,3/28/17
5510,3/28/17
5511,3/28/17
5512,3/28/17
5513,3/28/17
5514,3/28/17
5515,3/28/17
5516,3/28/17
5517,3/28/17
5518,3/28/17
5519,3/28/17
5520,3/28/17
5521,3/28/17
5522,3/28/17
5523,3/28/17
5524,3/28/17
5525,3/28/17
5526,3/28/17
5527,3/28/17
5528,3/28/17
5529,3/28/17
5530,3/28/17
5531,3/28/17
5532,3/28/17
5533,3/28/17
5534,3/28/17
5535,3/28/17
5536,3/28/17
5537,3/28/17
5538,3/28/17
5539,3/28/17
5540,3/28/17
5541,3/28/17
5542,3/28/17
5543,3/28/17
5544,3/28/17
5545,3/28/17
5546,3/28/17
5547,3/28/17
5548,3/28/17
5549,3/28/17
5550,3/28/17
5551,3/28/17
5552,3/28/17
5553,3/28/17
5554,3/28/17
5555,3/28/17
5556,3/28/17
5557,3/28/17
5558,3/28/17
5559,3/28/17
5560,3/28/17
5561,3/28/17
5562,3/28/17
5563,3/28/17
5564,3/28/17
5565,3/28/17
5566,3/28/17
5567,3/28/17
5568,3/28/17
5569,3/28/17
5570,3/28/17
5571,3/28/17
5572,3/28/17
5574,3/28/17
5575,3/28/17
5576,3/28/17
5577,3/28/17
5578,3/28/17
5579,3/28/17
5580,3/28/17
5581,3/28/17
5582,3/28/17
5583,3/28/17
5584,3/28/17
5585,3/28/17
5586,3/28/17
5587,3/28/17
5588,3/28/17
5589,3/28/17
5590,3/28/17
5591,3/28/17
5592,3/28/17
5593,3/28/17
5594,3/28/17
5595,3/28/17
5596,3/28/17
5597,3/28/17
5598,3/28/17
5599,3/28/17
5600,3/28/17
5601,3/28/17
5602,3/28/17
5603,3/28/17
5604,3/28/17
5605,3/28/17
5606,3/28/17
5607,3/28/17
5608,3/28/17
5609,3/28/17
5610,3/28/17
5611,3/28/17
5612,3/28/17
5613,3/28/17
5614,3/28/17
5615,3/28/17
5616,3/28/17
5617,3/28/17
5618,3/28/17
5619,3/28/17
5620,3/28/17
5621,3/28/17
5622,3/28/17
5623,3/28/17
5624,3/28/17
5625,3/28/17
5626,3/28/17
5627,3/28/17
5628,3/28/17
5629,3/28/17
5630,3/28/17
5631,3/28/17
5632,3/28/17
5633,3/28/17
5634,3/28/17
5635,3/28/17
5636,3/28/17
5637,3/28/17
5638,3/28/17
5639,3/28/17
5640,3/28/17
5641,3/28/17
5642,3/28/17
5643,3/28/17
5644,3/28/17
5645,3/28/17
5646,3/28/17
5647,3/28/17
5648,3/28/17
5649,3/28/17
5650,3/28/17
5651,3/28/17
5652,3/28/17
5653,3/28/17
5654,3/28/17
5655,3/28/17
5656,3/28/17
5657,3/28/17
5658,3/28/17
5659,3/28/17
5660,3/28/17
5661,3/28/17
5662,3/28/17
5663,3/28/17
5664,3/28/17
5665,3/28/17
5666,3/28/17
5667,3/28/17
5668,3/28/17
5669,3/28/17
5670,3/28/17
5671,3/28/17
5672,3/28/17
5673,3/28/17
5674,3/28/17
5675,3/28/17
5676,3/28/17
5677,3/28/17
5678,3/28/17
5679,3/28/17
5680,3/28/17
5681,3/28/17
5682,3/28/17
5683,3/28/17
5684,3/28/17
5685,3/28/17
5686,3/28/17
5687,3/28/17
5688,3/28/17
5689,3/28/17
5690,3/28/17
5691,3/28/17
5692,3/28/17
5693,3/28/17
5694,3/28/17
5695,3/28/17
5696,3/28/17
5697,3/28/17
5698,3/28/17
5699,3/28/17
5700,3/28/17
5701,3/28/17
5702,3/28/17
5703,3/28/17
5704,3/28/17
5705,3/28/17
5706,3/28/17
5707,3/28/17
5708,3/28/17
5709,3/28/17
5710,3/28/17
5711,3/28/17
5712,3/28/17
5713,3/28/17
5714,3/28/17
5715,3/28/17
5716,3/28/17
5717,3/28/17
5718,3/28/17
5719,3/28/17
5720,3/28/17
5721,3/28/17
5722,3/28/17
5723,3/28/17
5724,3/28/17
5725,3/28/17
5726,3/28/17
5727,3/28/17
5728,3/28/17
5729,3/28/17
5730,3/28/17
5731,3/28/17
5732,3/28/17
5733,3/28/17
5734,3/28/17
5735,3/28/17
5736,3/28/17
5737,3/28/17
5738,3/28/17
5739,3/28/17
5740,3/28/17
5741,3/28/17
5742,3/28/17
5743,3/28/17
5744,3/28/17
5745,3/28/17
5746,3/28/17
5747,3/28/17
5748,3/28/17
5749,3/28/17
5750,3/28/17
5751,3/28/17
5752,3/28/17
5753,3/28/17
5754,3/28/17
5755,3/28/17
5756,3/28/17
5757,3/28/17
5758,3/28/17
5759,3/28/17
5760,3/28/17
5761,3/28/17
5762,3/28/17
5763,3/28/17
5764,3/28/17
5765,3/28/17
5766,3/28/17
5767,3/28/17
5768,3/28/17
5769,3/28/17
5770,3/28/17
5771,3/28/17
5772,3/28/17
5773,3/28/17
5774,3/28/17
5775,3/28/17
5776,3/28/17
5777,3/28/17
5778,3/28/17
5779,3/28/17
5780,3/28/17
5781,3/28/17
5782,3/28/17
5783,3/28/17
5784,3/28/17
5785,3/28/17
5786,3/28/17
5787,3/28/17
5788,3/28/17
5789,3/28/17
5790,3/28/17
5791,3/28/17
5792,3/28/17
5793,3/28/17
5794,3/28/17
5795,3/28/17
5796,3/28/17
5797,3/28/17
5798,3/28/17
5799,3/28/17
5800,3/28/17
5801,3/28/17
5802,3/28/17
5803,3/28/17
5804,3/28/17
5805,3/28/17
5806,3/28/17
5807,3/28/17
5808,3/28/17
5809,3/28/17
5810,3/28/17
5811,3/28/17
5812,3/28/17
5813,3/28/17
5814,3/28/17
5815,3/28/17
5816,3/28/17
5817,3/28/17
5818,3/28/17
5819,3/28/17
5820,3/28/17
5821,3/28/17
5822,3/28/17
5823,3/28/17
5824,3/28/17
5825,3/28/17
5826,3/28/17
5827,3/28/17
5828,3/28/17
5829,3/28/17
5830,3/28/17
5831,3/28/17
5832,3/28/17
5833,3/28/17
5834,3/28/17
5835,3/28/17
5836,3/28/17
5837,3/28/17
5838,3/28/17
5839,3/28/17
5840,3/28/17
5841,3/28/17
5842,3/28/17
5843,3/28/17
5844,3/28/17
5845,3/28/17
5846,3/28/17
5847,3/28/17
5848,3/28/17
5849,3/28/17
5850,3/28/17
5851,3/28/17
5852,3/28/17
5853,3/28/17
5854,3/28/17
5855,3/28/17
5856,3/28/17
5857,3/28/17
5858,3/28/17
5859,3/28/17
5860,3/28/17
5861,3/28/17
5862,3/28/17
5863,3/28/17
5864,3/28/17
5865,3/28/17
5866,3/28/17
5867,3/28/17
5868,3/28/17
5869,3/28/17
5870,3/28/17
5871,3/28/17
5872,3/28/17
5873,3/28/17
5874,3/28/17
5875,3/28/17
5876,3/28/17
5877,3/28/17
5878,3/28/17
5879,3/28/17
5880,3/28/17
5881,3/28/17
5882,3/28/17
5883,3/28/17
5884,3/28/17
5885,3/28/17
5886,3/28/17
5887,3/28/17
5888,3/28/17
5889,3/28/17
5890,3/28/17
5891,3/28/17
5892,3/28/17
5893,3/28/17
5894,3/28/17
5895,3/28/17
5896,3/28/17
5897,3/28/17
5898,3/28/17
5899,3/28/17
5900,3/28/17
5901,3/28/17
5902,3/28/17
5903,3/28/17
5904,3/28/17
5905,3/28/17
5906,3/28/17
5907,3/28/17
5908,3/28/17
5909,3/28/17
5910,3/28/17
5911,3/28/17
5912,3/28/17
5913,3/28/17
5914,3/28/17
5915,3/28/17
5916,3/28/17
5917,3/28/17
5918,3/28/17
5919,3/28/17
5920,3/28/17
5921,3/28/17
5922,3/28/17
5923,3/28/17
5924,3/28/17
5925,3/28/17
5926,3/28/17
5927,3/28/17
5928,3/28/17
5929,3/28/17
5930,3/28/17
5931,3/28/17
5932,3/28/17
5933,3/28/17
5934,3/28/17
5935,3/28/17
5936,3/28/17
5937,3/28/17
5938,3/28/17
5939,3/28/17
5940,3/28/17
5941,3/28/17
5942,3/28/17
5943,3/28/17
5944,3/28/17
5945,3/28/17
5946,3/28/17
5947,3/28/17
5948,3/28/17
5949,3/28/17
5950,3/28/17
5951,3/28/17
5952,3/28/17
5953,3/28/17
5954,3/28/17
5955,3/28/17
5956,3/28/17
5957,3/28/17
5958,3/28/17
5959,3/28/17
5960,3/28/17
5961,3/28/17
5962,3/28/17
5963,3/28/17
5964,3/28/17
5965,3/28/17
5966,3/28/17
5967,3/28/17
5968,3/28/17
5969,3/28/17
5970,3/28/17
5971,3/28/17
5972,3/28/17
5973,3/28/17
5974,3/28/17
5975,3/28/17
5976,3/28/17
5977,3/28/17
5978,3/28/17
5979,3/28/17
5980,3/28/17
5981,3/28/17
5982,3/28/17
5983,3/28/17
5984,3/28/17
5985,3/28/17
5986,3/28/17
5987,3/28/17
5988,3/28/17
5989,3/28/17
5990,3/28/17
5991,3/28/17
5992,3/28/17
5993,3/28/17
5994,3/28/17
5995,3/28/17
5996,3/28/17
5997,3/28/17
5998,3/28/17
5999,3/28/17
6000,3/28/17
6001,3/28/17
6002,3/28/17
6003,3/28/17
6004,3/28/17
6005,3/28/17
6006,3/28/17
6007,3/28/17
6008,3/28/17
6009,3/28/17
6010,3/28/17
6011,3/28/17
6012,3/28/17
6013,3/28/17
6014,3/28/17
6015,3/28/17
6016,3/28/17
6017,3/28/17
6018,3/28/17
6019,3/28/17
6020,3/28/17
6021,3/28/17
6022,3/28/17
6023,3/28/17
6024,3/28/17
6025,3/28/17
6026,3/28/17
6027,3/28/17
6028,3/28/17
6029,3/28/17
6030,3/28/17
6031,3/28/17
6032,3/28/17
6033,3/28/17
6034,3/28/17
6035,3/28/17
6036,3/28/17
6037,3/28/17
6038,3/28/17
6039,3/28/17
6040,3/28/17
6041,3/28/17
6042,3/28/17
6043,3/28/17
6044,3/28/17
6045,3/28/17
6046,3/28/17
6047,3/28/17
6048,3/28/17
6049,3/28/17
6050,3/28/17
6051,3/28/17
6052,3/28/17
6053,3/28/17
6054,3/28/17
6055,3/28/17
6056,3/28/17
6057,3/28/17
6058,3/28/17
6059,3/28/17
6060,3/28/17
6061,3/28/17
6062,3/28/17
6063,3/28/17
6064,3/28/17
6065,3/28/17
6066,3/28/17
6067,3/28/17
6068,3/28/17
6069,3/28/17
6070,3/28/17
6071,3/28/17
6072,3/28/17
6073,3/28/17
6074,3/28/17
6075,3/28/17
6076,3/28/17
6077,3/28/17
6078,3/28/17
6079,3/28/17
6080,3/28/17
6081,3/28/17
6082,3/28/17
6083,3/28/17
6084,3/28/17
6085,3/28/17
6086,3/28/17
6087,3/28/17
6088,3/28/17
6089,3/28/17
6090,3/28/17
6091,3/28/17
6092,3/28/17
6093,3/28/17
6094,3/28/17
6095,3/28/17
6096,3/28/17
6097,3/28/17
6098,3/28/17
6099,3/28/17
6100,3/28/17
6101,3/28/17
6102,3/28/17
6103,3/28/17
6104,3/28/17
6105,3/28/17
6106,3/28/17
6107,3/28/17
6108,3/28/17
6109,3/28/17
6110,3/28/17
6111,3/28/17
6112,3/28/17
6113,3/28/17
6114,3/28/17
6115,3/28/17
6116,3/28/17
6117,3/28/17
6118,3/28/17
6119,3/28/17
6120,3/28/17
6121,3/28/17
6122,3/28/17
6123,3/28/17
6124,3/28/17
6125,3/28/17
6126,3/28/17
6127,3/28/17
6128,3/28/17
6129,3/28/17
6130,3/28/17
6131,3/28/17
6132,3/28/17
6133,3/28/17
6134,3/28/17
6135,3/28/17
6136,3/28/17
6137,3/28/17
6138,3/28/17
6139,3/28/17
6140,3/28/17
6141,3/28/17
6142,3/28/17
6143,3/28/17
6144,3/28/17
6145,3/28/17
6146,3/28/17
6147,3/28/17
6148,3/28/17
6149,3/28/17
6150,3/28/17
6151,3/28/17
6152,3/28/17
6153,3/28/17
6154,3/28/17
6155,3/28/17
6156,3/28/17
6157,3/28/17
6158,3/28/17
6159,3/28/17
6160,3/28/17
6161,3/28/17
6162,3/28/17
6163,3/28/17
6164,3/28/17
6165,3/28/17
6166,3/28/17
6167,3/28/17
6168,3/28/17
6169,3/28/17
6170,3/28/17
6171,3/28/17
6172,3/28/17
6173,3/28/17
6174,3/28/17
6176,3/28/17
6177,3/28/17
6178,3/28/17
6179,3/28/17
6180,3/28/17
6181,3/28/17
6182,3/28/17
6184,3/28/17
6185,3/28/17
6186,3/28/17
6187,3/28/17
6188,3/28/17
6189,3/28/17
6190,3/28/17
6191,3/28/17
6192,3/28/17
6193,3/28/17
6194,3/28/17
6195,3/28/17
6196,3/28/17
6197,3/28/17
6198,3/28/17
6199,3/28/17
6200,3/28/17
6201,3/28/17
6202,3/28/17
6203,3/28/17
6204,3/28/17
6205,3/28/17
6206,3/28/17
6207,3/28/17
6208,3/28/17
6209,3/28/17
6210,3/28/17
6211,3/28/17
6212,3/28/17
6213,3/28/17
6214,3/28/17
6215,3/28/17
6216,3/28/17
6217,3/28/17
6218,3/28/17
6219,3/28/17
6220,3/28/17
6221,3/28/17
6222,3/28/17
6223,3/28/17
6224,3/28/17
6225,3/28/17
6226,3/28/17
6227,3/28/17
6228,3/28/17
6229,3/28/17
6230,3/28/17
6231,3/28/17
6232,3/28/17
6233,3/28/17
6234,3/28/17
6235,3/28/17
6236,3/28/17
6237,3/28/17
6238,3/28/17
6239,3/28/17
6240,3/28/17
6241,3/28/17
6242,3/28/17
6243,3/28/17
6244,3/28/17
6245,3/28/17
6246,3/28/17
6247,3/28/17
6248,3/28/17
6249,3/28/17
6250,3/28/17
6251,3/28/17
6252,3/28/17
6253,3/28/17
6254,3/28/17
6255,3/28/17
6256,3/28/17
6257,3/28/17
6258,3/28/17
6259,3/28/17
6260,3/28/17
6261,3/28/17
6262,3/28/17
6263,3/28/17
6264,3/28/17
6265,3/28/17
6266,3/28/17
6267,3/28/17
6268,3/28/17
6269,3/28/17
6270,3/28/17
6271,3/28/17
6272,3/28/17
6273,3/28/17
6274,3/28/17
6275,3/28/17
6276,3/28/17
6277,3/28/17
6278,3/28/17
6279,3/28/17
6280,3/28/17
6281,3/28/17
6282,3/28/17
6283,3/28/17
6284,3/28/17
6285,3/28/17
6286,3/28/17
6287,3/28/17
6288,3/28/17
6289,3/28/17
6290,3/28/17
6291,3/28/17
6292,3/28/17
6293,3/28/17
6294,3/28/17
6295,3/28/17
6296,3/28/17
6297,3/28/17
6298,3/28/17
6299,3/28/17
6300,3/28/17
6301,3/28/17
6302,3/28/17
6303,3/28/17
6304,3/28/17
6305,3/28/17
6306,3/28/17
6307,3/28/17
6308,3/28/17
6309,3/28/17
6310,3/28/17
6311,3/28/17
6312,3/28/17
6313,3/28/17
6314,3/28/17
6315,3/28/17
6316,3/28/17
6317,3/28/17
6318,3/28/17
6319,3/28/17
6320,3/28/17
6321,3/28/17
6322,3/28/17
6323,3/28/17
6324,3/28/17
6325,3/28/17
6326,3/28/17
6327,3/28/17
6328,3/28/17
6819,1/1/18
6820,1/1/18
6821,1/1/18
6822,1/1/18
6823,1/1/18
6824,1/1/18
6825,1/1/18
6826,1/1/18
6827,1/1/18
6828,1/1/18
6829,1/1/18
6830,1/1/18
6831,1/1/18
6832,1/1/18
6833,6/1/18
6834,6/1/18
6835,6/1/18
6836,6/1/18
6837,6/1/18
6838,6/1/18
6839,6/1/18
6840,6/1/18
6841,6/1/18
6842,6/1/18
6843,1/1/18
6844,1/1/18
6845,1/1/18
6846,1/1/18
6847,1/1/18
6848,1/1/18
6849,1/1/18
6850,1/1/18
6851,1/1/18
6852,1/1/18
6853,1/1/18
6854,1/1/18
6855,1/1/18
6856,1/1/18
6857,1/1/18
6858,1/1/18
6859,1/1/18
6860,1/1/18
6861,1/1/18
6862,1/1/18
6863,1/1/18
6864,1/1/18
6865,1/1/18
6866,1/1/18
6867,1/1/18
6868,1/1/18
6869,1/1/18
6870,1/1/18
6871,1/1/18
6872,1/1/18
6873,1/1/18
6874,1/1/18
6875,1/1/18
6876,1/1/18
6877,1/1/18
6878,1/1/18
6879,1/1/18
6880,1/1/18
6881,1/1/18
6882,1/1/18
6883,1/1/18
6884,1/1/18
6885,1/1/18
6886,1/1/18
6887,1/1/18
6888,1/1/18
6889,1/1/18
6890,1/1/18
6891,1/1/18
6892,1/1/18
6893,1/1/18
6894,1/1/18
6895,1/1/18
6896,1/1/18
6897,1/1/18
6898,1/1/18
6899,1/1/18
6900,1/1/18
6901,1/1/18
6902,1/1/18
6903,1/1/18
6904,1/1/18
6905,1/1/18
6906,1/1/18
6907,1/1/18
6908,1/1/18
6909,1/1/18
6910,1/1/18
6911,1/1/18
6912,1/1/18
6913,1/1/18
6914,1/1/18
6915,1/1/18
6916,1/1/18
6917,1/1/18
6918,1/1/18
6919,1/1/18
6920,1/1/18
6921,1/1/18
6922,1/1/18
6923,1/1/18
6924,1/1/18
6925,1/1/18
6926,1/1/18
6927,1/1/18
6928,1/1/18
6929,1/1/18
6930,1/1/18
6931,1/1/18
6932,1/1/18
6933,1/1/18
6934,1/1/18
6935,1/1/18
6936,1/1/18
6937,1/1/18
6938,1/1/18
6939,1/1/18
6940,1/1/18
6941,1/1/18
6942,1/1/18
6943,1/1/18
6944,1/1/18
6945,1/1/18
6946,1/1/18
6947,1/1/18
6948,1/1/18
6949,1/1/18
6950,1/1/18
6951,1/1/18
6952,1/1/18
6953,1/1/18
6954,1/1/18
6955,1/1/18
6956,1/1/18
6957,1/1/18
6958,1/1/18
6959,1/1/18
6960,1/1/18
6961,1/1/18
6962,1/1/18
6963,1/1/18
6964,1/1/18
6965,1/1/18
6966,1/1/18
6967,1/1/18
6968,1/1/18
6969,1/1/18
6970,1/1/18
6971,1/1/18
6972,1/1/18
6973,1/1/18
6974,1/1/18
6975,1/1/18
6976,1/1/18
6977,1/1/18
6978,1/1/18
6979,1/1/18
6980,1/1/18
6981,1/1/18
6982,1/1/18
6983,1/1/18
6984,1/1/18
6985,1/1/18
6986,1/1/18
6987,1/1/18
6988,1/1/18
6989,1/1/18
6990,1/1/18
6991,1/1/18
6992,1/1/18
6993,1/1/18
6994,1/1/18
6995,1/1/18
6996,1/1/18
6997,1/1/18
6998,1/1/18
6999,1/1/18
7000,1/1/18
7001,1/1/18
7002,1/1/18
7003,1/1/18
7004,1/1/18
7005,1/1/18
7006,1/1/18
7007,1/1/18
7009,1/1/18
7010,1/1/18
7011,1/1/18
7012,1/1/18
7013,1/1/18
7014,1/1/18
7015,1/1/18
7016,1/1/18
7017,1/1/18
7018,1/1/18
7019,1/1/18
7020,1/1/18
7021,1/1/18
7022,1/1/18
7023,1/1/18
7024,1/1/18
7025,1/1/18
7026,1/1/18
7027,1/1/18
7028,1/1/18
7029,1/1/18
7030,1/1/18
7031,1/1/18
7032,1/1/18
7033,1/1/18
7034,1/1/18
7035,1/1/18
7036,1/1/18
7037,1/1/18
7038,1/1/18
7039,1/1/18
7040,1/1/18
7041,1/1/18
7042,1/1/18
7043,1/1/18
7044,1/1/18
7045,1/1/18
7046,1/1/18
7047,1/1/18
7048,1/1/18
7049,1/1/18
7050,1/1/18
7051,1/1/18
7052,1/1/18
7053,1/1/18
7054,1/1/18
7055,1/1/18
7056,1/1/18
7057,1/1/18
7060,1/1/18
7061,1/1/18
7062,1/1/18
7063,1/1/18
7064,1/1/18
7065,1/1/18
7066,1/1/18
7067,1/1/18
7068,1/1/18
7069,1/1/18
7070,1/1/18
7071,1/1/18
7072,1/1/18
7073,1/1/18
7074,1/1/18
7075,1/1/18
7076,1/1/18
7077,1/1/18
7078,1/1/18
7079,1/1/18
7080,1/1/18
7081,1/1/18
7082,1/1/18
7083,1/1/18
7084,1/1/18
7085,1/1/18
7086,1/1/18
7087,1/1/18
7088,1/1/18
7089,1/1/18
7090,1/1/18
7092,1/1/18
7093,1/1/18
7094,1/1/18
7095,1/1/18
7096,1/1/18
7097,1/1/18
7098,1/1/18
7099,1/1/18
7100,1/1/18
7101,1/1/18
7102,1/1/18
7103,1/1/18
7104,1/1/18
7105,1/1/18
7106,1/1/18
7107,1/1/18
7108,1/1/18
7109,1/1/18
7110,1/1/18
7111,1/1/18
7112,1/1/18
7113,1/1/18
7114,1/1/18
7115,1/1/18
7116,1/1/18
7117,1/1/18
7118,1/1/18
7119,1/1/18
7120,1/1/18
7121,1/1/18
7122,1/1/18
7123,1/1/18
7124,1/1/18
7125,1/1/18
7126,1/1/18
7127,1/1/18
7128,1/1/18
7129,1/1/18
7130,1/1/18
7131,1/1/18
7132,1/1/18
7133,1/1/18
7134,1/1/18
7135,1/1/18
7136,1/1/18
7137,1/1/18
7138,1/1/18
7139,1/1/18
7140,1/1/18
7141,1/1/18
7142,1/1/18
7143,1/1/18
7144,1/1/18
7145,1/1/18
7146,1/1/18
7147,1/1/18
7148,1/1/18
7149,1/1/18
7150,1/1/18
7151,1/1/18
7152,1/1/18
7153,1/1/18
7154,1/1/18
7155,1/1/18
7156,1/1/18
7157,1/1/18
7158,1/1/18
7159,1/1/18
7160,1/1/18
7161,1/1/18
7162,1/1/18
7163,1/1/18
7164,1/1/18
7165,1/1/18
7166,1/1/18
7167,1/1/18
7168,1/1/18
7169,1/1/18
7170,1/1/18
7171,1/1/18
7172,1/1/18
7173,1/1/18
7174,1/1/18
7175,1/1/18
7176,1/1/18
7177,1/1/18
7178,1/1/18
7179,1/1/18
7180,1/1/18
7181,1/1/18
7182,1/1/18
7183,1/1/18
7184,1/1/18
7185,1/1/18
7186,1/1/18
7187,1/1/18
7188,1/1/18
7189,1/1/18
7190,1/1/18
7191,1/1/18
7192,1/1/18
7193,1/1/18
7194,1/1/18
7195,1/1/18
7196,1/1/18
7197,1/1/18
7198,1/1/18
7199,1/1/18
7200,1/1/18
7201,1/1/18
7202,1/1/18
7203,1/1/18
7204,1/1/18
7205,1/1/18
7206,1/1/18
7207,1/1/18
7208,1/1/18
7209,1/1/18
7210,1/1/18
7211,1/1/18
7212,1/1/18
7213,1/1/18
7214,1/1/18
7215,1/1/18
7216,1/1/18
7217,1/1/18
7218,1/1/18
7219,1/1/18
7220,1/1/18
7222,1/1/18
7223,1/1/18
7224,1/1/18
7225,1/1/18
7226,1/1/18
7227,1/1/18
7228,1/1/18
7229,1/1/18
7230,1/1/18
7231,1/1/18
7232,1/1/18
7233,1/1/18
7234,1/1/18
7235,1/1/18
7236,1/1/18
7237,1/1/18
7238,1/1/18
7239,1/1/18
7240,1/1/18
7241,1/1/18
7242,1/1/18
7243,1/1/18
7244,1/1/18
7245,1/1/18
7246,1/1/18
7247,1/1/18
7248,1/1/18
7249,1/1/18
7250,1/1/18
7251,1/1/18
7252,1/1/18
7253,1/1/18
7254,1/1/18
7255,1/1/18
7256,1/1/18
7257,1/1/18
7258,1/1/18
7259,1/1/18
7260,1/1/18
7261,1/1/18
7262,1/1/18
7263,1/1/18
7264,1/1/18
7265,1/1/18
7266,1/1/18
7267,1/1/18
7268,1/1/18
7269,1/1/18
7270,1/1/18
7271,1/1/18
7272,1/1/18
7273,1/1/18
7274,1/1/18
7275,1/1/18
7276,1/1/18
7277,1/1/18
7278,1/1/18
7279,1/1/18
7280,1/1/18
7281,1/1/18
7282,1/1/18
7283,1/1/18
7284,1/1/18
7285,1/1/18
7286,1/1/18
7287,1/1/18
7288,1/1/18
7289,1/1/18
7290,1/1/18
7291,1/1/18
7292,1/1/18
7293,1/1/18
7294,1/1/18
7295,1/1/18
7296,1/1/18
7297,1/1/18
7298,1/1/18
7299,1/1/18
7300,1/1/18
7301,1/1/18
7302,1/1/18
7303,1/1/18
7304,1/1/18
7305,1/1/18
7306,1/1/18
7307,1/1/18
7308,1/1/18
7309,1/1/18
7310,1/1/18
7311,1/1/18
7312,1/1/18
7313,1/1/18
7314,1/1/18
7315,1/1/18
7316,1/1/18
7317,1/1/18
7318,1/1/18
7319,1/1/18
7320,1/1/18
7321,1/1/18
7322,1/1/18
7323,1/1/18
7324,1/1/18
7325,1/1/18
7326,1/1/18
7327,1/1/18
7328,1/1/18
7329,1/1/18
7330,1/1/18
7331,1/1/18
7332,1/1/18
7333,1/1/18
7334,1/1/18
7335,1/1/18
7336,1/1/18
7337,1/1/18
7338,1/1/18
7339,1/1/18
7340,1/1/18
7341,1/1/18
7342,1/1/18
7343,1/1/18
7344,1/1/18
7345,1/1/18
7346,1/1/18
7347,1/1/18
7348,1/1/18
7349,1/1/18
7350,1/1/18
7351,1/1/18
7352,1/1/18
7353,1/1/18
7354,1/1/18
7355,1/1/18
7356,1/1/18
7357,1/1/18
7358,1/1/18
7359,1/1/18
7360,1/1/18
7361,1/1/18
7362,1/1/18
7363,1/1/18
7364,1/1/18
7365,1/1/18
7366,1/1/18
7367,1/1/18
7368,1/1/18
7369,1/1/18
7370,1/1/18
7371,1/1/18
7372,1/1/18
7373,1/1/18
7374,1/1/18
7375,1/1/18
7376,1/1/18
7377,1/1/18
7378,1/1/18
7379,1/1/18
7380,1/1/18
7381,1/1/18
7382,1/1/18
7383,1/1/18
7384,1/1/18
7385,1/1/18
7386,1/1/18
7387,1/1/18
7388,1/1/18
7389,1/1/18
7390,1/1/18
7391,1/1/18
7392,1/1/18
7393,1/1/18
7394,1/1/18
7395,1/1/18
7396,1/1/18
7397,1/1/18
7398,1/1/18
7399,1/1/18
7400,1/1/18
7401,1/1/18
7402,1/1/18
7403,1/1/18
7404,1/1/18
7405,1/1/18
7406,1/1/18
7407,1/1/18
7408,1/1/18
7409,1/1/18
7410,1/1/18
7411,1/1/18
7412,1/1/18
7413,1/1/18
7414,1/1/18
7415,1/1/18
7416,1/1/18
7417,1/1/18
7418,1/1/18
7419,1/1/18
7420,1/1/18
7421,1/1/18
7422,1/1/18
7423,1/1/18
7424,1/1/18
7425,1/1/18
7426,1/1/18
7427,1/1/18
7428,1/1/18
7429,1/1/18
7430,1/1/18
7431,1/1/18
7432,1/1/18
7433,1/1/18
7434,1/1/18
7435,1/1/18
7436,1/1/18
7437,1/1/18
7438,1/1/18
7439,1/1/18
7440,1/1/18
7441,1/1/18
7442,1/1/18
7443,1/1/18
7444,1/1/18
7445,1/1/18
7446,1/1/18
7447,1/1/18
7448,1/1/18
7449,1/1/18
7450,1/1/18
7451,1/1/18
7452,1/1/18
7453,1/1/18
7454,1/1/18
7455,1/1/18
7456,1/1/18
7457,1/1/18
7458,1/1/18
7459,1/1/18
7460,1/1/18
7461,1/1/18
7462,1/1/18
7463,1/1/18
7464,1/1/18
7465,1/1/18
7466,1/1/18
7467,1/1/18
7468,1/1/18
7469,1/1/18
7470,1/1/18
7471,1/1/18
7472,1/1/18
7473,1/1/18
7474,1/1/18
7475,1/1/18
7476,1/1/18
7477,1/1/18
7478,1/1/18
7479,1/1/18
7480,6/1/18
7481,6/1/18
7482,6/1/18
7483,6/1/18
7484,6/1/18
7485,6/1/18
7486,6/1/18
7487,6/1/18
7488,6/1/18
7489,6/1/18
7490,6/1/18
7491,6/1/18
7492,6/1/18
7493,6/1/18
7494,6/1/18
7495,6/1/18
7496,6/1/18
7497,6/1/18
7498,6/1/18
7499,6/1/18
7500,6/1/18
7501,6/1/18
7502,6/1/18
7503,6/1/18
7504,6/29/18
7505,6/29/18
7506,6/29/18
7507,6/29/18
7508,6/29/18
7509,6/29/18
7511,6/29/18
7512,6/29/18
7514,6/29/18
7515,6/29/18
7516,6/29/18
7517,6/29/18
7518,6/29/18
7519,6/29/18
7520,6/29/18
7521,6/29/18
7522,6/29/18
7523,6/29/18
7524,6/29/18
7525,6/29/18
7526,6/29/18
7527,6/29/18
7528,6/29/18
7529,6/29/18
7530,6/29/18
7531,6/29/18
7532,6/29/18
7533,6/29/18
7534,6/29/18
7535,6/29/18
7536,6/29/18
7537,6/29/18
7538,6/29/18
7539,6/29/18
7540,6/29/18
7541,6/29/18
7543,6/29/18
7544,6/29/18
7545,6/29/18
7546,6/29/18
7547,6/29/18
7548,6/29/18
7549,6/29/18
7550,6/29/18
7551,6/29/18
7552,6/29/18
7553,6/29/18
7554,6/29/18
7555,6/29/18
7556,6/29/18
7557,6/29/18
7558,6/29/18
7559,6/29/18
7560,6/29/18
7562,6/29/18
7563,6/29/18
7564,6/29/18
7565,6/29/18
7566,6/29/18
7567,6/29/18
7568,6/29/18
7569,6/29/18
7570,6/29/18
7571,6/29/18
7572,6/29/18
7573,6/29/18
7574,6/29/18
7575,6/29/18
7576,6/29/18
7577,6/29/18
7578,6/29/18
7579,6/29/18
7580,6/29/18
7581,6/29/18
7582,6/29/18
7583,6/29/18
7584,6/29/18
7585,6/29/18
7586,6/29/18
7587,6/29/18
7588,6/29/18
7589,6/29/18
7591,6/29/18
7592,6/29/18
7593,6/29/18
7594,6/29/18
7595,6/29/18
7596,6/29/18
7597,6/29/18
7598,6/29/18
7599,6/29/18
7600,6/29/18
7601,6/29/18
7602,6/29/18
7603,6/29/18
7604,6/29/18
7605,6/29/18
7606,6/29/18
7607,6/29/18
7608,6/29/18
7609,6/29/18
7610,6/29/18
7611,6/29/18
7612,6/29/18
7613,6/29/18
7614,6/29/18
7615,6/29/18
7616,6/29/18
7617,6/29/18
7618,6/29/18
7619,6/29/18
7620,6/29/18
7621,6/29/18
7622,6/29/18
7623,6/29/18
7624,6/29/18
7625,6/29/18
7626,6/29/18
7627,6/29/18
7628,6/29/18
7629,6/29/18
7630,6/29/18
7631,6/29/18
7632,6/29/18
7633,6/29/18
7634,6/29/18
7635,6/29/18
7636,6/29/18
7637,6/29/18
7638,6/29/18
7640,6/29/18
7641,1/1/19
7642,1/1/19
7643,1/1/19
7644,1/1/19
7645,1/1/19
7646,1/1/19
7647,1/1/19
7648,1/1/19
7649,1/1/19
7653,1/1/19
7654,1/1/19
7655,1/1/19
7656,1/1/19
7657,6/30/19
9060,6/30/19
9061,6/30/19
9062,6/30/19
9063,6/30/19
9064,6/30/19
9065,6/30/19
9066,6/30/19
9067,6/30/19
9068,6/30/19
9069,6/30/19
9070,6/30/19
9071,6/30/19
9072,6/30/19
9073,6/30/19
9074,6/30/19
9075,6/30/19
9076,6/30/19
9077,6/30/19
9078,6/30/19
9079,6/30/19
9080,6/30/19
9081,6/30/19
9082,6/30/19
9083,6/30/19
9084,6/30/19
9085,6/30/19
9086,6/30/19
9087,6/30/19
9088,6/30/19
9089,6/30/19
9090,6/30/19
9091,6/30/19
9092,6/30/19
9093,6/30/19
9094,6/30/19
9095,6/30/19
9096,6/30/19
9097,6/30/19
9098,6/30/19
9099,6/30/19
9100,6/30/19
9101,6/30/19
9102,6/30/19
9103,6/30/19
9104,6/30/19
9105,6/30/19
9106,6/30/19
9107,6/30/19
9108,6/30/19
9109,6/30/19
9110,6/30/19
9111,6/30/19
9112,6/30/19
9113,6/30/19
9114,6/30/19
9115,6/30/19
9116,6/30/19
9117,6/30/19
9118,6/30/19
9119,6/30/19
9120,6/30/19
9121,6/30/19
9122,6/30/19
9123,6/30/19
9124,6/30/19
9125,6/30/19
9126,6/30/19
9127,6/30/19
9128,6/30/19
9129,6/30/19
9130,6/30/19
9131,6/30/19
9132,6/30/19
9133,6/30/19
9134,6/30/19
9135,6/30/19
9136,6/30/19
9137,6/30/19
9138,6/30/19
9139,6/30/19
9140,6/30/19
9141,6/30/19
9142,6/30/19
9143,6/30/19
9144,6/30/19
9145,6/30/19
9146,6/30/19
9147,6/30/19
9148,6/30/19
9149,6/30/19
9150,6/30/19
9151,6/30/19
9152,6/30/19
9153,6/30/19
9154,6/30/19
9155,6/30/19
9156,6/30/19
9157,6/30/19
9158,6/30/19
9159,6/30/19
9160,6/30/19
9161,6/30/19
9162,6/30/19
9163,6/30/19
9164,6/30/19
9165,6/30/19
9166,6/30/19
9167,6/30/19
9168,6/30/19
9169,6/30/19
9170,6/30/19
9171,6/30/19
9172,6/30/19
9173,6/30/19
9174,6/30/19
9175,6/30/19
9176,6/30/19
9177,6/30/19
9178,6/30/19
9179,6/30/19
9180,6/30/19
9181,6/30/19
9182,6/30/19
9183,6/30/19
9184,6/30/19
9185,6/30/19
9186,6/30/19
9187,6/30/19
9188,6/30/19
9189,6/30/19
9190,6/30/19
9191,6/30/19
9192,6/30/19
9193,6/30/19
9194,6/30/19
9195,6/30/19
9196,6/30/19
9197,6/30/19
9198,6/30/19
9199,6/30/19
9200,6/30/19
9201,6/30/19
9202,6/30/19
9203,6/30/19
9204,6/30/19
9205,6/30/19
9206,6/30/19
9207,6/30/19
9208,6/30/19
9209,6/30/19
9210,6/30/19
9211,6/30/19
9212,6/30/19
9213,6/30/19
9214,6/30/19
9215,6/30/19
9216,6/30/19
9217,6/30/19
9218,6/30/19
9219,6/30/19
9220,6/30/19
9221,6/30/19
9222,6/30/19
9223,6/30/19
9224,6/30/19
9225,6/30/19
9226,6/30/19
9227,6/30/19
9228,6/30/19
9229,6/30/19
9230,6/30/19
9231,6/30/19
9232,6/30/19
9233,6/30/19
9234,6/30/19
9235,6/30/19
9236,6/30/19
9237,6/30/19
9238,6/30/19
9239,6/30/19
9240,6/30/19
9241,6/30/19
9242,6/30/19
9243,6/30/19
9244,6/30/19
9245,6/30/19
9246,6/30/19
9247,6/30/19
9248,6/30/19
9249,6/30/19
9250,6/30/19
9251,6/30/19
9252,6/30/19
9253,6/30/19
9254,6/30/19
9255,6/30/19
9256,6/30/19
9257,6/30/19
9258,6/30/19
9259,6/30/19
9260,6/30/19
9261,6/30/19
9262,6/30/19
9263,6/30/19
9264,6/30/19
9265,6/30/19
9266,6/30/19
9267,6/30/19
9268,6/30/19
9269,6/30/19
9270,6/30/19
9271,6/30/19
9272,6/30/19
9273,6/30/19
9274,6/30/19
9275,6/30/19
9276,6/30/19
9277,6/30/19
9278,6/30/19
9279,6/30/19