1,2018-06-29
2,2018-06-29
14,2018-06-29
34,2018-06-29
73,2018-06-29
699,2016-01-01
700,2016-01-01
701,2016-01-01
702,2016-01-01
6819,2018-06-29
7588,2018-06-29
7596,2018-06-29
7597,2018-06-29
7598,2018-06-29
7599,2018-06-29
7600,2018-06-29
7601,2018-06-29
7602,2018-06-29
7603,2018-06-29
7604,2018-06-29
7605,2018-06-29
7606,2018-06-29
7607,2018-06-29
7608,2018-06-29
7609,2018-06-29
7610,2018-06-29
7611,2018-06-29
7612,2018-06-29
7613,2018-06-29
7614,2018-06-29
7615,2018-06-29
7616,2018-06-29
7617,2018-06-29
7618,2018-06-29
7619,2018-06-29
7620,2018-06-29
7621,2018-06-29
7622,2018-06-29
7623,2018-06-29
7624,2018-06-29
7625,2018-06-29
7626,2018-06-29
7627,2018-06-29
7628,2018-06-29
7629,2018-06-29
7630,2018-06-29
7631,2018-06-29
7632,2018-06-29
7633,2018-06-29
7634,2018-06-29
7635,2018-06-29
7636,2018-06-29
7637,2018-06-29
7638,2018-06-29
7640,2018-06-29
7657,2019-05-08
7660,2019-05-08
7661,2019-05-08
7662,2019-05-08
7663,2019-05-08
7664,2019-05-08
7665,2019-05-08
7666,2019-05-08
7667,2019-05-08
7668,2019-05-08
7669,2019-05-08
7670,2019-05-08
7671,2019-05-08
7672,2019-05-08
7673,2019-05-08
7674,2019-05-08
7675,2019-05-08
7676,2019-05-08
7677,2019-05-08
7678,2019-05-08
7679,2019-05-08
7680,2019-05-08
7681,2019-05-08
7682,2019-05-08
7684,2019-05-08
7685,2019-05-08
7686,2019-05-08
7687,2019-05-08
7688,2019-05-08
7689,2019-05-08
7690,2019-05-08
7691,2019-05-08
7692,2019-05-08
7693,2019-05-08
7694,2019-05-08
7695,2019-05-08
7696,2019-05-08
7697,2019-05-08
7698,2019-05-08
7699,2019-05-08
7700,2019-05-08
7701,2019-05-08
7702,2019-05-08
7703,2019-05-08
7704,2019-05-08
7705,2019-05-08
7706,2019-05-08
7707,2019-05-08
7708,2019-05-08
7709,2019-05-08
7710,2019-05-08
7711,2019-05-08
7712,2019-05-08
7713,2019-05-08
7714,2019-05-08
7715,2019-05-08
7716,2019-05-08
7717,2019-05-08
7718,2019-05-08
7719,2019-05-08
7720,2019-05-08
7721,2019-05-08
7722,2019-05-08
7723,2019-05-08
7724,2019-05-08
7725,2019-05-08
7726,2019-05-08
7727,2019-05-08
7728,2019-05-08
7729,2019-05-08
7730,2019-05-08
7731,2019-05-08
7732,2019-05-08
7733,2019-05-08
7734,2019-05-08
7735,2019-05-08
7736,2019-05-08
7737,2019-05-08
7738,2019-05-08
7739,2019-05-08
7740,2019-05-08
7741,2019-05-08
7742,2019-05-08
7743,2019-05-08
7744,2019-05-08
7745,2019-05-08
7746,2019-05-08
7747,2019-05-08
7748,2019-05-08
7749,2019-05-08
7750,2019-05-08
7751,2019-05-08
7752,2019-05-08
7753,2019-05-08
7754,2019-05-08
7755,2019-05-08
7756,2019-05-08
7757,2019-05-08
7758,2019-05-08
7759,2019-05-08
7760,2019-05-08
7761,2019-05-08
7762,2019-05-08
7763,2019-05-08
7764,2019-05-08
7765,2019-05-08
7766,2019-05-08
7767,2019-05-08
7768,2019-05-08
7769,2019-05-08
7770,2019-05-08
7771,2019-05-08
7772,2019-05-08
7773,2019-05-08
7774,2019-05-08
7775,2019-05-08
7776,2019-05-08
7777,2019-05-08
7778,2019-05-08
7779,2019-05-08
7780,2019-05-08
7781,2019-05-08
7782,2019-05-08
7783,2019-05-08
7784,2019-05-08
7785,2019-05-08
7786,2019-05-08
7787,2019-05-08
7788,2019-05-08
7789,2019-05-08
7790,2019-05-08
7791,2019-05-08
7792,2019-05-08
7793,2019-05-08
7794,2019-05-08
7795,2019-05-08
7796,2019-05-08
7797,2019-05-08
7798,2019-05-08
7799,2019-05-08
7800,2019-05-08
7801,2019-05-08
7802,2019-05-08
7803,2019-05-08
7804,2019-05-08
7805,2019-05-08
7806,2019-05-08
7807,2019-05-08
7808,2019-05-08
7809,2019-05-08
7810,2019-05-08
7811,2019-05-08
7812,2019-05-08
7813,2019-05-08
7814,2019-05-08
7815,2019-05-08
7816,2019-05-08
7817,2019-05-08
7818,2019-05-08
7819,2019-05-08
7820,2019-05-08
7821,2019-05-08
7822,2019-05-08
7823,2019-05-08
7824,2019-05-08
7825,2019-05-08
7826,2019-05-08
7827,2019-05-08
7828,2019-05-08
7829,2019-05-08
7830,2019-05-08
7831,2019-05-08
7832,2019-05-08
7833,2019-05-08
7834,2019-05-08
7835,2019-05-08
7836,2019-05-08
7837,2019-05-08
7838,2019-05-08
7839,2019-05-08
7840,2019-05-08
7841,2019-05-08
7842,2019-05-08
7843,2019-05-08
7844,2019-05-08
7845,2019-05-08
7846,2019-05-08
7847,2019-05-08
7848,2019-05-08
7849,2019-05-08
7850,2019-05-08
7851,2019-05-08
7852,2019-05-08
7853,2019-05-08
7854,2019-05-08
7855,2019-05-08
7856,2019-05-08
7857,2019-05-08
7858,2019-05-08
7859,2019-05-08
7860,2019-05-08
7861,2019-05-08
7862,2019-05-08
7865,2019-05-08
7866,2019-05-08
7867,2019-05-08
7868,2019-05-08
7869,2019-05-08
7870,2019-05-08
7871,2019-05-08
7874,2019-05-08
7875,2019-05-08
7876,2019-05-08
7877,2019-05-08
7878,2019-05-08
7879,2019-05-08
7880,2019-05-08
7881,2019-05-08
7882,2019-05-08
7883,2019-05-08
7884,2019-05-08
7885,2019-05-08
7886,2019-05-08
7891,2019-05-08
7892,2019-05-08
7893,2019-05-08
7894,2019-05-08
7895,2019-05-08
7896,2019-05-08
7897,2019-05-08
7898,2019-05-08
7899,2019-05-08
7900,2019-05-08
7901,2019-05-08
7902,2019-05-08
7903,2019-05-08
7904,2019-05-08
7905,2019-05-08
7906,2019-05-08
7907,2019-05-08
7908,2019-05-08
7909,2019-05-08
7910,2019-05-08
7911,2019-05-08
7913,2019-05-08
7914,2019-05-08
7915,2019-05-08
7916,2019-05-08
7917,2019-05-08
7918,2019-05-08
7919,2019-05-08
7920,2019-05-08
7921,2019-05-08
7922,2019-05-08
7923,2019-05-08
7924,2019-05-08
7925,2019-05-08
7926,2019-05-08
7927,2019-05-08
7928,2019-05-08
7929,2019-05-08
7930,2019-05-08
7931,2019-05-08
7932,2019-05-08
7933,2019-05-08
7934,2019-05-08
7935,2019-05-08
7936,2019-05-08
7939,2019-05-08
7940,2019-05-08
7941,2019-05-08
7942,2019-05-08
7943,2019-05-08
7944,2019-05-08
7945,2019-05-08
7946,2019-05-08
7947,2019-05-08
7948,2019-05-08
7949,2019-05-08
7950,2019-05-08
7951,2019-05-08
7952,2019-05-08
7953,2019-05-08
7954,2019-05-08
7955,2019-05-08
7956,2019-05-08
7957,2019-05-08
7958,2019-05-08
7959,2019-05-08
7960,2019-05-08
7961,2019-05-08
7962,2019-05-08
7963,2019-05-08
7964,2019-05-08
7965,2019-05-08
7966,2019-05-08
7967,2019-05-08
7968,2019-05-08
7969,2019-05-08
7970,2019-05-08
7971,2019-05-08
7972,2019-05-08
7973,2019-05-08
7974,2019-05-08
7975,2019-05-08
7976,2019-05-08
7977,2019-05-08
7978,2019-05-08
7979,2019-05-08
7980,2019-05-08
7981,2019-05-08
7982,2019-05-08
7983,2019-05-08
7984,2019-05-08
7985,2019-05-08
7986,2019-05-08
7987,2019-05-08
7988,2019-05-08
7989,2019-05-08
7990,2019-05-08
7991,2019-05-08
7992,2019-05-08
7993,2019-05-08
7994,2019-05-08
7995,2019-05-08
7996,2019-05-08
7997,2019-05-08
7998,2019-05-08
7999,2019-05-08
8000,2019-05-08
8001,2019-05-08
8002,2019-05-08
8003,2019-05-08
8004,2019-05-08
8005,2019-05-08
8006,2019-05-08
8007,2019-05-08
8008,2019-05-08
8009,2019-05-08
8010,2019-05-08
8011,2019-05-08
8012,2019-05-08
8013,2019-05-08
8014,2019-05-08
8015,2019-05-08
8016,2019-05-08
8017,2019-05-08
8018,2019-05-08
8019,2019-05-08
8020,2019-05-08
8021,2019-05-08
8022,2019-05-08
8023,2019-05-08
8024,2019-05-08
8025,2019-05-08
8026,2019-05-08
8027,2019-05-08
8028,2019-05-08
8029,2019-05-08
8030,2019-05-08
8031,2019-05-08
8032,2019-05-08
8033,2019-05-08
8034,2019-05-08
8035,2019-05-08
8036,2019-05-08
8037,2019-05-08
8038,2019-05-08
8039,2019-05-08
8040,2019-05-08
8041,2019-05-08
8042,2019-05-08
8043,2019-05-08
8044,2019-05-08
8045,2019-05-08
8046,2019-05-08
8047,2019-05-08
8048,2019-05-08
8049,2019-05-08
8050,2019-05-08
8051,2019-05-08
8052,2019-05-08
8053,2019-05-08
8054,2019-05-08
8055,2019-05-08
8056,2019-05-08
8057,2019-05-08
8058,2019-05-08
8059,2019-05-08
8060,2019-05-08
8061,2019-05-08
8062,2019-05-08
8063,2019-05-08
8064,2019-05-08
8065,2019-05-08
8066,2019-05-08
8067,2019-05-08
8068,2019-05-08
8069,2019-05-08
8070,2019-05-08
8071,2019-05-08
8072,2019-05-08
8073,2019-05-08
8074,2019-05-08
8075,2019-05-08
8076,2019-05-08
8077,2019-05-08
8078,2019-05-08
8081,2019-05-08
8082,2019-05-08
8083,2019-05-08
8084,2019-05-08
8085,2019-05-08
8086,2019-05-08
8087,2019-05-08
8088,2019-05-08
8089,2019-05-08
8090,2019-05-08
8091,2019-05-08
8092,2019-05-08
8093,2019-05-08
8094,2019-05-08
8095,2019-05-08
8096,2019-05-08
8097,2019-05-08
8098,2019-05-08
8099,2019-05-08
8100,2019-05-08
8101,2019-05-08
8102,2019-05-08
8103,2019-05-08
8104,2019-05-08
8105,2019-05-08
8106,2019-05-08
8107,2019-05-08
8108,2019-05-08
8109,2019-05-08
8110,2019-05-08
8111,2019-05-08
8112,2019-05-08
8113,2019-05-08
8114,2019-05-08
8115,2019-05-08
8116,2019-05-08
8117,2019-05-08
8118,2019-05-08
8119,2019-05-08
8120,2019-05-08
8121,2019-05-08
8122,2019-05-08
8123,2019-05-08
8124,2019-05-08
8125,2019-05-08
8126,2019-05-08
8127,2019-05-08
8128,2019-05-08
8129,2019-05-08
8130,2019-05-08
8131,2019-05-08
8132,2019-05-08
8133,2019-05-08
8134,2019-05-08
8135,2019-05-08
8136,2019-05-08
8137,2019-05-08
8138,2019-05-08
8139,2019-05-08
8140,2019-05-08
8141,2019-05-08
8142,2019-05-08
8143,2019-05-08
8144,2019-05-08
8145,2019-05-08
8146,2019-05-08
8147,2019-05-08
8148,2019-05-08
8149,2019-05-08
8150,2019-05-08
8151,2019-05-08
8152,2019-05-08
8153,2019-05-08
8154,2019-05-08
8155,2019-05-08
8156,2019-05-08
8157,2019-05-08
8158,2019-05-08
8159,2019-05-08
8160,2019-05-08
8161,2019-05-08
8162,2019-05-08
8163,2019-05-08
8164,2019-05-08
8165,2019-05-08
8166,2019-05-08
8167,2019-05-08
8168,2019-05-08
8169,2019-05-08
8170,2019-05-08
8171,2019-05-08
8172,2019-05-08
8173,2019-05-08
8174,2019-05-08
8175,2019-05-08
8176,2019-05-08
8177,2019-05-08
8178,2019-05-08
8179,2019-05-08
8180,2019-05-08
8181,2019-05-08
8182,2019-05-08
8183,2019-05-08
8184,2019-05-08
8185,2019-05-08
8187,2019-05-08
8188,2019-05-08
8189,2019-05-08
8190,2019-05-08
8191,2019-05-08
8192,2019-05-08
8193,2019-05-08
8194,2019-05-08
8195,2019-05-08
8196,2019-05-08
8197,2019-05-08
8198,2019-05-08
8199,2019-05-08
8200,2019-05-08
8201,2019-05-08
8202,2019-05-08
8203,2019-05-08
8204,2019-05-08
8205,2019-05-08
8206,2019-05-08
8207,2019-05-08
8208,2019-05-08
8209,2019-05-08
8210,2019-05-08
8211,2019-05-08
8212,2019-05-08
8213,2019-05-08
8214,2019-05-08
8215,2019-05-08
8216,2019-05-08
8217,2019-05-08
8218,2019-05-08
8219,2019-05-08
8220,2019-05-08
8221,2019-05-08
8222,2019-05-08
8223,2019-05-08
8224,2019-05-08
8225,2019-05-08
8226,2019-05-08
8227,2019-05-08
8228,2019-05-08
8229,2019-05-08
8230,2019-05-08
8231,2019-05-08
8232,2019-05-08
8233,2019-05-08
8234,2019-05-08
8235,2019-05-08
8236,2019-05-08
8237,2019-05-08
8238,2019-05-08
8239,2019-05-08
8240,2019-05-08
8241,2019-05-08
8242,2019-05-08
8243,2019-05-08
8244,2019-05-08
8245,2019-05-08
8246,2019-05-08
8247,2019-05-08
8248,2019-05-08
8249,2019-05-08
8250,2019-05-08
8251,2019-05-08
8252,2019-05-08
8253,2019-05-08
8254,2019-05-08
8255,2019-05-08
8256,2019-05-08
8257,2019-05-08
8258,2019-05-08
8259,2019-05-08
8260,2019-05-08
8261,2019-05-08
8262,2019-05-08
8263,2019-05-08
8264,2019-05-08
8265,2019-05-08
8266,2019-05-08
8267,2019-05-08
8268,2019-05-08
8269,2019-05-08
8270,2019-05-08
8271,2019-05-08
8272,2019-05-08
8273,2019-05-08
8274,2019-05-08
8276,2019-05-08
8285,2019-05-08
8286,2019-05-08
8287,2019-05-08
8288,2019-05-08
8289,2019-05-08
8290,2019-05-08
8291,2019-05-08
8292,2019-05-08
8293,2019-05-08
8294,2019-05-08
8295,2019-05-08
8296,2019-05-08
8297,2019-05-08
8298,2019-05-08
8299,2019-05-08
8300,2019-05-08
8301,2019-05-08
8302,2019-05-08
8303,2019-05-08
8304,2019-05-08
8305,2019-05-08
8306,2019-05-08
8307,2019-05-08
8308,2019-05-08
8309,2019-05-08
8310,2019-05-08
8311,2019-05-08
8312,2019-05-08
8313,2019-05-08
8314,2019-05-08
8315,2019-05-08
8316,2019-05-08
8317,2019-05-08
8318,2019-05-08
8319,2019-05-08
8320,2019-05-08
8321,2019-05-08
8322,2019-05-08
8323,2019-05-08
8324,2019-05-08
8326,2019-05-08
8327,2019-05-08
8328,2019-05-08
8329,2019-05-08
8330,2019-05-08
8331,2019-05-08
8332,2019-05-08
8333,2019-05-08
8334,2019-05-08
8335,2019-05-08
8336,2019-05-08
8337,2019-05-08
8338,2019-05-08
8339,2019-05-08
8340,2019-05-08
8341,2019-05-08
8342,2019-05-08
8343,2019-05-08
8344,2019-05-08
8345,2019-05-08
8346,2019-05-08
8347,2019-05-08
8348,2019-05-08
8349,2019-05-08
8350,2019-05-08
8351,2019-05-08
8352,2019-05-08
8353,2019-05-08
8354,2019-05-08
8355,2019-05-08
8356,2019-05-08
8357,2019-05-08
8358,2019-05-08
8359,2019-05-08
8360,2019-05-08
8361,2019-05-08
8362,2019-05-08
8363,2019-05-08
8364,2019-05-08
8365,2019-05-08
8366,2019-05-08
8367,2019-05-08
8368,2019-05-08
8369,2019-05-08
8370,2019-05-08
8371,2019-05-08
8372,2019-05-08
8373,2019-05-08
8374,2019-05-08
8375,2019-05-08
8376,2019-05-08
8377,2019-05-08
8378,2019-05-08
8379,2019-05-08
8380,2019-05-08
8381,2019-05-08
8382,2019-05-08
8383,2019-05-08
8384,2019-05-08
8385,2019-05-08
8386,2019-05-08
8387,2019-05-08
8388,2019-05-08
8390,2019-05-08
8391,2019-05-08
8392,2019-05-08
8393,2019-09-30
8394,2019-09-30
8395,2019-09-30
8396,2019-09-30
8397,2019-09-30
8398,2019-09-30
8399,2019-09-30
8400,2019-09-30
8401,2019-09-30
8402,2019-09-30
8404,2019-09-30
8405,2019-09-30
8406,2019-09-30
8407,2019-09-30
8408,2019-09-30
8410,2019-09-30
8411,2019-09-30
8412,2019-09-30
8413,2019-09-30
8414,2019-09-30
8415,2019-09-30
8416,2019-09-30
8418,2019-09-30
8419,2019-09-30
8420,2019-09-30
8421,2019-09-30
8422,2019-09-30
8423,2019-09-30
8424,2019-09-30
8425,2019-09-30
8426,2019-09-30
8427,2019-09-30
8428,2019-09-30
8429,2019-09-30
8430,2019-09-30
8431,2019-09-30
8432,2019-09-30
8433,2019-09-30
8434,2019-09-30
8435,2019-09-30
8436,2019-09-30
8437,2019-09-30
8438,2019-09-30
8439,2019-09-30
8440,2019-09-30
8442,2019-09-30
8443,2019-09-30
8444,2019-09-30
8445,2019-09-30
8447,2019-09-30
8448,2019-09-30
8449,2019-09-30
8450,2019-09-30
8451,2019-09-30
8452,2019-09-30
8453,2019-09-30
8454,2019-09-30
8455,2019-09-30
8456,2019-09-30
8457,2019-09-30
8458,2019-09-30
8459,2019-09-30
8460,2019-09-30
8461,2019-09-30
8462,2019-09-30
8463,2019-09-30
8464,2019-09-30
8466,2019-09-30
8467,2019-09-30
8468,2019-09-30
8470,2019-09-30
8471,2019-09-30
8472,2019-09-30
8473,2019-09-30
8474,2019-09-30
8475,2019-09-30
8476,2019-09-30
8477,2019-09-30
8478,2019-09-30
8479,2019-09-30
8480,2019-09-30
8481,2019-09-30
8482,2019-09-30
8483,2019-09-30
8484,2019-09-30
8485,2019-09-30
8486,2019-09-30
8487,2019-09-30
8488,2019-09-30
8489,2019-09-30
8490,2019-09-30
8491,2019-09-30
8492,2019-09-30
8493,2019-09-30
8494,2019-09-30
8495,2019-09-30
8496,2019-09-30
8497,2019-09-30
8498,2019-09-30
8499,2019-09-30
8500,2019-09-30
8501,2019-09-30
8502,2019-09-30
8503,2019-09-30
8504,2019-09-30
8505,2019-09-30
8506,2019-09-30
8507,2019-09-30
8508,2019-09-30
8509,2019-09-30
8510,2019-09-30
8511,2019-09-30
8512,2019-09-30
8513,2019-09-30
8515,2019-09-30
8516,2019-09-30
8517,2019-09-30
8518,2019-09-30
8519,2019-09-30
8520,2019-09-30
8522,2019-09-30
8523,2019-09-30
8524,2019-09-30
8525,2019-09-30
8526,2019-09-30
8527,2019-09-30
8528,2019-09-30
8529,2019-09-30
8530,2019-09-30
8531,2019-09-30
8532,2019-09-30
8533,2019-09-30
8534,2019-09-30
8535,2019-09-30
8536,2019-09-30
8537,2019-09-30
8538,2019-09-30
8539,2019-09-30
8540,2019-09-30
8542,2019-09-30
8543,2019-09-30
8544,2019-09-30
8545,2019-09-30
8546,2019-09-30
8547,2019-09-30
8548,2019-09-30
8549,2019-09-30
8550,2019-09-30
8551,2019-09-30
8552,2019-09-30
8553,2019-09-30
8555,2019-09-30
8557,2019-09-30
8558,2019-09-30
8559,2019-09-30
8560,2019-09-30
8561,2019-09-30
8562,2019-09-30
8563,2019-09-30
8564,2019-09-30
8565,2019-09-30
8566,2019-09-30
8567,2019-09-30
8568,2019-09-30
8569,2019-09-30
8570,2019-09-30
8571,2019-09-30
8572,2019-09-30
8573,2019-09-30
8574,2019-09-30
8575,2019-09-30
8576,2019-09-30
8577,2019-09-30
8578,2019-09-30
8579,2019-09-30
8580,2019-09-30
8582,2019-09-30
8583,2019-09-30
8584,2019-09-30
8586,2019-09-30
8587,2019-09-30
8588,2019-09-30
8589,2019-09-30
8590,2019-09-30
8591,2019-09-30
8592,2019-09-30
8593,2019-09-30
8594,2019-09-30
8596,2019-09-30
8597,2019-09-30
8598,2019-09-30
8599,2019-09-30
8600,2019-09-30
8601,2019-09-30
8602,2019-09-30
8603,2019-09-30
8604,2019-09-30
8605,2019-09-30
8606,2019-09-30
8607,2019-09-30
8608,2019-09-30
8609,2019-09-30
8610,2019-09-30
8611,2019-09-30
8612,2019-09-30
8614,2019-09-30
8615,2019-09-30
8616,2019-09-30
8617,2019-09-30
8618,2019-09-30
8619,2019-09-30
8620,2019-09-30
8621,2019-09-30
8622,2019-09-30
8624,2019-09-30
8625,2019-09-30
8626,2019-09-30
8627,2019-09-30
8628,2019-09-30
8629,2019-09-30
8630,2019-09-30
8631,2019-09-30
8632,2019-09-30
8633,2019-09-30
8634,2019-09-30
8635,2019-09-30
8636,2019-09-30
8637,2019-09-30
8638,2019-09-30
8639,2019-09-30
8640,2019-09-30
8641,2019-09-30
8642,2019-09-30
8643,2019-09-30
8644,2019-09-30
8645,2019-09-30
8646,2019-09-30
8647,2019-09-30
8648,2019-09-30
8649,2019-09-30
8650,2019-09-30
8651,2019-09-30
8652,2019-09-30
8653,2019-09-30
8654,2019-09-30
8655,2019-09-30
8656,2019-09-30
8657,2019-09-30
8658,2019-09-30
8659,2019-09-30
8660,2019-09-30
8661,2019-09-30
8662,2019-09-30
8663,2019-09-30
8664,2019-09-30
8665,2019-09-30
8666,2019-09-30
8667,2019-09-30
8668,2019-09-30
8669,2019-09-30
8670,2019-09-30
8671,2019-09-30
8672,2019-09-30
8673,2019-09-30
8674,2019-09-30
8675,2019-09-30
8676,2019-09-30
8677,2019-09-30
8678,2019-09-30
8679,2019-09-30
8680,2019-09-30
8681,2019-09-30
8682,2019-09-30
8683,2019-09-30
8684,2019-09-30
8685,2019-09-30
8686,2019-09-30
8687,2019-09-30
8688,2019-09-30
8689,2019-09-30
8690,2019-09-30
8691,2019-09-30
8692,2019-09-30
8693,2019-09-30
8694,2019-09-30
8695,2019-09-30
8696,2019-09-30
8697,2019-09-30
8698,2019-09-30
8699,2019-09-30
8700,2019-09-30
8701,2019-09-30
8702,2019-09-30
8703,2019-09-30
8704,2019-09-30
8705,2019-09-30
8707,2019-09-30
8708,2019-09-30
8709,2019-09-30
8710,2019-09-30
8711,2019-09-30
8712,2019-09-30
8713,2019-09-30
8714,2019-09-30
8715,2019-09-30
8716,2019-09-30
8717,2019-09-30
8718,2019-09-30
8719,2019-09-30
8720,2019-09-30
8722,2019-09-30
8723,2019-09-30
8724,2019-09-30
8725,2019-09-30
8726,2019-09-30
8727,2019-09-30
8728,2019-09-30
8729,2019-09-30
8730,2019-09-30
8731,2019-09-30
8732,2019-09-30
8733,2019-09-30
8734,2019-09-30
8735,2019-09-30
8736,2019-09-30
8737,2019-09-30
8738,2019-09-30
8739,2019-09-30
8740,2019-09-30
8741,2019-09-30
8742,2019-09-30
8743,2019-09-30
8744,2019-09-30
8745,2019-09-30
8746,2019-09-30
8747,2019-09-30
8748,2019-09-30
8749,2019-09-30
8750,2019-09-30
8751,2019-09-30
8752,2019-09-30
8753,2019-09-30
8754,2019-09-30
8755,2019-09-30
8756,2019-09-30
8757,2019-09-30
8758,2019-09-30
8759,2019-09-30
8760,2019-09-30
8761,2019-09-30
8762,2019-09-30
8763,2019-09-30
8764,2019-09-30
8765,2019-09-30
8766,2019-09-30
8767,2019-09-30
8768,2019-09-30
8769,2019-09-30
8770,2019-09-30
8771,2019-09-30
8772,2019-09-30
8773,2019-09-30
8774,2019-09-30
8775,2019-09-30
8776,2019-09-30
8778,2019-09-30
8779,2019-09-30
8780,2019-09-30
8781,2019-09-30
8782,2019-09-30
8783,2019-09-30
8784,2019-09-30
8785,2019-09-30
8786,2019-09-30
8787,2019-09-30
8788,2019-09-30
8789,2019-09-30
8790,2019-09-30
8791,2019-09-30
8792,2019-09-30
8793,2019-09-30
8794,2019-09-30
8795,2019-09-30
8796,2019-09-30
8797,2019-09-30
8798,2019-09-30
8799,2019-09-30
8800,2019-09-30
8801,2019-09-30
8802,2019-09-30
8803,2019-09-30
8804,2019-09-30
8805,2019-09-30
8806,2019-09-30
8807,2019-09-30
8808,2019-09-30
8809,2019-09-30
8810,2019-09-30
8811,2019-09-30
8813,2019-09-30
8814,2019-09-30
8815,2019-09-30
8816,2019-09-30
8817,2019-09-30
8818,2019-09-30
8819,2019-09-30
8820,2019-09-30
8821,2019-09-30
8823,2019-09-30
8824,2019-09-30
8825,2019-09-30
8826,2019-09-30
8827,2019-09-30
8828,2019-09-30
8829,2019-09-30
8830,2019-09-30
8831,2019-09-30
8832,2019-09-30
8833,2019-09-30
8834,2019-09-30
8835,2019-09-30
8836,2019-09-30
8837,2019-09-30
8838,2019-09-30
8839,2019-09-30
8840,2019-09-30
8841,2019-09-30
8842,2019-09-30
8843,2019-09-30
8844,2019-09-30
8845,2019-09-30
8846,2019-09-30
8847,2019-09-30
8848,2019-09-30
8849,2019-09-30
8850,2019-09-30
8851,2019-09-30
8852,2019-09-30
8853,2019-09-30
8854,2019-09-30
8855,2019-09-30
8856,2019-09-30
8857,2019-09-30
8858,2019-09-30
8859,2019-09-30
8860,2019-09-30
8861,2019-09-30
8862,2019-09-30
8863,2019-09-30
8864,2019-09-30
8865,2019-09-30
8866,2019-09-30
8867,2019-09-30
8868,2019-09-30
8869,2019-09-30
8870,2019-09-30
8871,2019-09-30
8872,2019-09-30
8873,2019-09-30
8874,2019-09-30
8875,2019-09-30
8876,2019-09-30
8877,2019-09-30
8878,2019-09-30
8879,2019-09-30
8880,2019-09-30
8881,2019-09-30
8882,2019-09-30
8883,2019-09-30
8884,2019-09-30
8885,2019-09-30
8886,2019-09-30
8887,2019-09-30
8888,2019-09-30
8889,2019-09-30
8890,2019-09-30
8891,2019-09-30
8892,2019-09-30
8893,2019-09-30
8894,2019-09-30
8895,2019-09-30
8896,2019-09-30
8897,2019-09-30
8898,2019-09-30
8899,2019-09-30
8900,2019-09-30
8901,2019-09-30
8902,2019-09-30
8903,2019-09-30
8904,2019-09-30
8905,2019-09-30
8906,2019-09-30
8907,2019-09-30
8908,2019-09-30
8909,2019-09-30
8910,2019-09-30
8911,2019-09-30
8912,2019-09-30
8913,2019-09-30
8914,2019-09-30
8915,2019-09-30
8916,2019-09-30
8917,2019-09-30
8918,2019-09-30
8919,2019-09-30
8920,2019-09-30
8921,2019-09-30
8922,2019-09-30
8923,2019-09-30
8924,2019-09-30
8925,2019-09-30
8926,2019-09-30
8927,2019-09-30
8928,2019-09-30
8929,2019-09-30
8930,2019-09-30
8931,2019-09-30
8932,2019-09-30
8933,2019-09-30
8934,2019-09-30
8935,2019-09-30
8936,2019-09-30
8937,2019-09-30
8938,2019-09-30
8939,2019-09-30
8940,2019-09-30
8941,2019-09-30
8942,2019-09-30
8943,2019-09-30
8944,2019-09-30
8945,2019-09-30
8946,2019-09-30
8947,2019-09-30
8948,2019-09-30
8949,2019-09-30
8950,2019-09-30
8951,2019-09-30
8952,2019-09-30
8953,2019-09-30
8954,2019-09-30
8955,2019-09-30
8956,2019-09-30
8957,2019-09-30
8958,2019-09-30
8959,2019-09-30
8960,2019-09-30
8961,2019-09-30
8962,2019-09-30
8963,2019-09-30
8964,2019-09-30
8965,2019-09-30
8967,2019-09-30
8968,2019-09-30
8969,2019-09-30
8970,2019-09-30
8971,2019-09-30
8972,2019-09-30
8973,2019-09-30
8974,2019-09-30
8975,2019-09-30
8976,2019-09-30
8977,2019-09-30
8978,2019-09-30
8979,2019-09-30
8980,2019-09-30
8981,2019-09-30
8982,2019-09-30
8983,2019-09-30
8984,2019-09-30
8985,2019-09-30
8986,2019-09-30
8987,2019-09-30
8988,2019-09-30
8989,2019-09-30
8990,2019-09-30
8991,2019-09-30
8992,2019-09-30
8993,2019-09-30
8994,2019-09-30
8995,2019-09-30
8996,2019-09-30
8997,2019-09-30
8998,2019-09-30
8999,2019-09-30
9000,2019-09-30
9001,2019-09-30
9002,2019-09-30
9004,2019-09-30
9005,2019-09-30
9006,2019-09-30
9007,2019-09-30
9008,2019-09-30
9009,2019-09-30
9010,2019-09-30
9011,2019-09-30
9012,2019-09-30
9013,2019-09-30
9014,2019-09-30
9015,2019-09-30
9016,2019-09-30
9017,2019-09-30
9018,2019-09-30
9019,2019-09-30
9020,2019-09-30
9021,2019-09-30
9022,2019-09-30
9023,2019-09-30
9024,2019-09-30
9025,2019-09-30
9026,2019-09-30
9027,2019-09-30
9028,2019-09-30
9029,2019-09-30
9030,2019-09-30
9031,2019-09-30
9032,2019-09-30
9033,2019-09-30
9034,2019-09-30
9035,2019-09-30
9036,2019-09-30
9037,2019-09-30
9038,2019-09-30
9039,2019-09-30
9040,2019-09-30
9041,2019-09-30
9042,2019-09-30
9043,2019-09-30
9044,2019-09-30
9045,2019-09-30
9047,2019-09-30
9048,2019-09-30
9049,2019-09-30
9050,2019-09-30
9051,2019-09-30
9052,2019-09-30
9053,2019-09-30
9054,2019-09-30
9055,2019-09-30
9056,2019-09-30
9057,2019-09-30
9058,2019-09-30
9059,2019-09-30
9299,2019-12-31
9301,2019-12-31
9302,2019-12-31
9303,2019-12-31
9304,2019-12-31
9305,2019-12-31
9306,2019-12-31
9307,2019-12-31
9308,2019-12-31
9309,2019-12-31
9310,2019-12-31
9311,2019-12-31
9312,2019-12-31
9313,2019-12-31
9314,2019-12-31
9315,2019-12-31
9316,2019-12-31
9317,2019-12-31
9318,2019-12-31
9319,2019-12-31
9320,2019-12-31
9321,2019-12-31
9322,2019-12-31
9323,2019-12-31
9324,2019-12-31
9325,2019-12-31
9326,2019-12-31
9327,2019-12-31
9328,2019-12-31
9329,2019-12-31
9330,2019-12-31
9331,2019-12-31
9332,2019-12-31
9333,2019-12-31
9334,2019-12-31
9335,2019-12-31
9336,2019-12-31
9337,2019-12-31
9338,2019-12-31
9339,2019-12-31
9340,2019-12-31
9341,2019-12-31
9342,2019-12-31
9343,2019-12-31
9344,2019-12-31
9345,2019-12-31
9346,2019-12-31
9347,2019-12-31
9348,2019-12-31
9349,2019-12-31
9350,2019-12-31
9351,2019-12-31
9352,2019-12-31
9353,2019-12-31
9354,2019-12-31
9355,2019-12-31
9356,2019-12-31
9357,2019-12-31
9358,2019-12-31
9359,2019-12-31
9360,2019-12-31
9523,2020-09-01
9524,2020-09-01
9525,2020-09-01
9535,2021-05-01
9536,2021-05-01
9537,2021-05-01
9538,2021-05-01
9539,2021-05-01
9540,2021-05-01
9541,2021-05-01
9542,2021-05-01
9543,2021-05-01
9544,2021-05-01
9545,2021-05-01
9546,2021-05-01
9547,2021-05-01
9548,2021-05-01
9549,2021-05-01
9550,2021-05-01
9551,2021-05-01
9552,2021-05-01
9553,2021-05-01
9554,2021-05-01
9555,2021-05-01
9556,2021-05-01
9565,2021-08-01
9595,2022-05-01
9596,2022-05-01
9597,2022-05-01
9598,2022-05-01
9600,2022-05-01
9601,2022-05-01
9602,2022-05-01
9603,2022-05-01
9604,2022-05-01
9605,2022-05-01
9606,2022-05-01
9607,2022-05-01
9608,2022-05-01
9609,2022-05-01
9610,2022-05-01
9611,2022-05-01
9612,2022-05-01
9613,2022-05-01
9614,2022-05-01
9615,2022-05-01
9616,2022-05-01
9617,2022-05-01
9618,2022-05-01
9619,2022-05-01
9620,2022-05-01
9621,2022-05-01
9622,2022-05-01
9623,2022-05-01
9624,2022-05-01
9625,2022-05-01
9626,2022-05-01
9627,2022-05-01
9628,2022-05-01
9629,2022-05-01
9630,2022-05-01
9631,2022-05-01
9632,2022-05-01
9633,2022-05-01
9634,2022-05-01
9635,2022-05-01
9636,2022-05-01
9637,2022-05-01
9638,2022-05-01
9639,2022-05-01
9640,2022-05-01
9641,2022-05-01
9642,2022-05-01
9643,2022-05-01
9644,2022-05-01
9645,2022-05-01
9646,2022-05-01
9647,2022-05-01
9648,2022-05-01
9649,2022-05-01
9650,2022-05-01
9651,2022-05-01
9652,2022-05-01
9653,2022-05-01
9654,2022-05-01
9655,2022-05-01
9656,2022-05-01
9657,2022-05-01
9658,2022-05-01
9659,2022-05-01
9660,2022-05-01
9661,2022-05-01
9662,2022-05-01
9663,2022-05-01
9664,2022-05-01
9665,2022-05-01
9666,2022-05-01
9667,2022-05-01
9668,2022-05-01
9669,2022-05-01
9670,2022-05-01
9671,2022-05-01
9672,2022-05-01
9673,2022-05-01
9674,2022-05-01
9675,2022-05-01
9676,2022-05-01
9677,2022-05-01
9678,2022-05-01
9679,2022-05-01
9680,2022-05-01
9681,2022-05-01
9683,2022-05-01
9685,2022-05-01
9687,2022-05-01
9689,2022-05-01
9691,2022-05-01
9693,2022-05-01
9695,2022-05-01
9696,2022-05-01
9697,2022-05-01
9698,2022-05-01
9699,2022-05-01
9700,2022-05-01
9701,2022-05-01
9702,2022-05-01
9703,2022-05-01
9704,2022-05-01
9705,2022-05-01
9706,2022-05-01
9707,2022-05-01
9708,2022-05-01
9709,2022-05-01
9710,2022-05-01
9711,2022-05-01
9712,2022-05-01
9713,2022-05-01
9714,2022-05-01
9715,2022-05-01
9716,2022-05-01
9717,2022-05-01
9718,2022-05-01
9719,2022-05-01
9720,2022-05-01
9721,2022-05-01
9722,2022-05-01
9723,2022-05-01
9725,2022-05-01
9839,2022-09-01
9840,2022-09-01
9841,2022-09-01
9880,2023-05-01
9881,2023-05-01
9882,2023-05-01
9883,2023-05-01
9884,2023-05-01
9885,2023-05-01
9886,2023-05-01
9887,2023-05-01
9888,2023-05-01
9889,2023-05-01
9890,2023-05-01
9891,2023-05-01
9892,2023-05-01
9893,2023-05-01
9894,2023-05-01
9895,2023-05-01
9896,2023-05-01
9897,2023-05-01
9898,2023-05-01
9899,2023-05-01
9900,2023-05-01
9901,2023-05-01
9902,2023-05-01
9903,2023-05-01
9904,2023-05-01
9905,2023-05-01
9906,2023-05-01
9907,2023-05-01
9908,2023-05-01
9909,2023-05-01
9910,2023-05-01
9911,2023-05-01
9912,2023-05-01
9913,2023-05-01
9914,2023-05-01
9915,2023-05-01
9916,2023-05-01
9917,2023-05-01
9918,2023-05-01
9919,2023-05-01
9920,2023-05-01
9921,2023-05-01
9922,2023-05-01
9923,2023-05-01
9924,2023-05-01
9925,2023-05-01
9926,2023-05-01
9927,2023-05-01
9928,2023-05-01
9929,2023-05-01
9930,2023-05-01
9931,2023-05-01
9932,2023-05-01
9933,2023-05-01
9934,2023-05-01
9935,2023-05-01
9936,2023-05-01
9937,2023-05-01
9938,2023-05-01
9939,2023-05-01
9940,2023-05-01
9941,2023-05-01
9942,2023-05-01
10079,2023-08-31
10084,2023-11-30
10105,2024-05-16
10106,2024-05-16
10107,2024-05-16
10108,2024-05-16
10109,2024-05-16
10110,2024-05-16
10111,2024-05-16
10112,2024-05-16
10113,2024-05-16
10114,2024-05-16
10118,2024-05-16
10119,2024-05-16
10120,2023-11-30
10121,2023-11-30
10122,2023-11-30
10123,2023-11-30
10124,2023-11-30
10125,2023-11-30
10126,2023-11-30
10127,2023-11-30
10128,2023-11-30
10170,2024-08-31
10171,2024-08-31
10172,2024-08-31
10500,2024-11-30
10501,2024-11-30
10502,2024-11-30
10503,2024-11-30
10504,2024-11-30
10505,2024-11-30
10506,2024-11-30
10507,2024-11-30
10508,2024-11-30
10509,2024-11-30
10510,2024-11-30
10511,2024-11-30
10512,2024-11-30
10513,2024-11-30
10514,2024-11-30
10515,2024-11-30
10516,2024-11-30
10517,2024-11-30
10518,2024-11-30
10519,2024-11-30
10520,2024-11-30
10521,2024-11-30
10522,2024-11-30
10523,2024-11-30
10524,2024-11-30
10525,2024-11-30
10526,2024-11-30
10527,2024-11-30
10528,2024-11-30
10529,2024-11-30
10530,2024-11-30
10531,2024-11-30
10532,2024-11-30
10533,2024-11-30
10534,2024-11-30
10535,2024-11-30
10536,2024-11-30
10537,2024-11-30
10538,2024-11-30
10539,2024-11-30
10540,2024-11-30
10541,2024-11-30
10542,2024-11-30
10543,2024-11-30
10544,2024-11-30
10545,2024-11-30
10546,2024-11-30
10547,2024-11-30
10548,2024-11-30
10549,2024-11-30
10550,2024-11-30
10551,2024-11-30
10552,2024-11-30
10553,2024-11-30
10554,2024-11-30
10555,2024-11-30
10556,2024-11-30
10557,2024-11-30
10558,2024-11-30
10559,2024-11-30
10560,2024-11-30
10561,2024-11-30
10562,2024-11-30
10563,2024-11-30
10564,2024-11-30
10565,2024-11-30
10566,2024-11-30
10567,2024-11-30
10568,2024-11-30
10569,2024-11-30
10570,2024-11-30
10571,2024-11-30
10572,2024-11-30
10573,2024-11-30
10574,2024-11-30
10575,2024-11-30
10576,2024-11-30
10577,2024-11-30
10578,2024-11-30
10579,2024-11-30
10580,2024-11-30
10581,2024-11-30
10582,2024-11-30
10583,2024-11-30
10640,2025-05-01
10709,2025-12-15