<catalog xmlns="urn:oasis:names:tc:entity:xmlns:xml:catalog">
<rewriteURI rewritePrefix="../DQC_US_0015/" uriStartString="https://raw.githubusercontent.com/DataQualityCommittee/dqc_us_rules/v21/dqc_us_rules/resources/DQC_US_0015/"/>
<rewriteURI rewritePrefix="../DQC_US_0011/" uriStartString="https://raw.githubusercontent.com/DataQualityCommittee/dqc_us_rules/v21/dqc_us_rules/resources/DQC_US_0011/"/>
<rewriteURI rewritePrefix="../DQC_US_0079/" uriStartString="https://raw.githubusercontent.com/DataQualityCommittee/dqc_us_rules/v21/dqc_us_rules/resources/DQC_US_0079/"/>
<rewriteURI rewritePrefix="../DQC_US_0081/" uriStartString="https://raw.githubusercontent.com/DataQualityCommittee/dqc_us_rules/v21/dqc_us_rules/resources/DQC_US_0081/"/>
<rewriteURI rewritePrefix="../DQC_IFRS_0080/" uriStartString="https://raw.githubusercontent.com/DataQualityCommittee/dqc_us_rules/v21/dqc_us_rules/resources/DQC_IFRS_0080/"/>
<rewriteURI rewritePrefix="../DQC_IFRS_0091/" uriStartString="https://raw.githubusercontent.com/DataQualityCommittee/dqc_us_rules/v21/dqc_us_rules/resources/DQC_IFRS_0091/"/>
<rewriteURI rewritePrefix="../DQC_US_0094/" uriStartString="https://raw.githubusercontent.com/DataQualityCommittee/dqc_us_rules/v21/dqc_us_rules/resources/DQC_US_0094/"/>
<rewriteURI rewritePrefix="../DQC_IFRS_0129/" uriStartString="https://raw.githubusercontent.com/DataQualityCommittee/dqc_us_rules/v21/dqc_us_rules/resources/DQC_IFRS_0129/"/>
<rewriteURI rewritePrefix="../Effective_Dates/" uriStartString="https://raw.githubusercontent.com/DataQualityCommittee/dqc_us_rules/v21/dqc_us_rules/resources/Effective_Dates/"/>
</catalog>