<tp:taxonomyPackage xmlns:tp="http://xbrl.org/2016/taxonomy-package" xml:lang="en-US">
<tp:identifier>https://github.com/DataQualityCommittee/dqc_us_rules/tree/master/dqc_us_rules/resources</tp:identifier>
<tp:name>dqc_15_concepts.csv, dqc_0011.csv, dqc_0079.csv, dqc_0080.csv, dqc_0081.csv and effective_dates.csv</tp:name>
<tp:description xml:lang="en-US">Nonneg csv files for DQC.US.0015 for all years. Dimensional Equivalents for rule DQC.US.0011. Extension Elements CSV file for rule DQC.US.0079.  Nonneg CSV files for IFRS DQC.IFRS.0080. Exceptiond for rule DQC.US.0081 and the Listing of Effective Dates for rules.</tp:description>
<tp:version>DQC Version 10</tp:version>
</tp:taxonomyPackage>